,Media Sources,Tweet Text,Date,Compound,Positive,Neutral,Negative,Tweets Ago
0,BBC North America,The art of the US gun reform movement https://t.co/ddCuKkJ9Vq,2018-03-24 03:52:04+00:00,-0.34,0.0,0.231,0.769,1
1,BBC North America,"Was the #Stoneman shooting any different? Yes, if you look at the data https://t.co/pgU9nqk8b3",2018-03-24 02:49:02+00:00,0.4019,0.172,0.0,0.828,2
2,BBC North America,The week Facebook's value plunged $58bn https://t.co/8x6lNgPDdN,2018-03-24 02:09:29+00:00,0.34,0.286,0.0,0.714,3
3,BBC North America,Florida school shooting: Pennsylvania students get stones https://t.co/bl3LeOLvRw,2018-03-24 02:01:23+00:00,0.0,0.0,0.0,1.0,4
4,BBC North America,Illustrating this turbulent time in American protests https://t.co/5FlU3msE4G,2018-03-24 01:45:17+00:00,-0.2263,0.0,0.213,0.787,5
5,BBC North America,"""Why I'm marching on Washington DC"" https://t.co/1yCg1LyMHC",2018-03-24 00:50:03+00:00,0.0,0.0,0.0,1.0,6
6,BBC North America,America's gun reform in 10 charts https://t.co/hKoffUFvNn https://t.co/HVTUYj1dc7,2018-03-23 23:35:22+00:00,-0.34,0.0,0.255,0.745,7
7,BBC North America,Elon Musk pulls Tesla and SpaceX from Facebook https://t.co/0iXctk1CZS,2018-03-23 22:37:25+00:00,0.0,0.0,0.0,1.0,8
8,BBC North America,Iowa family found dead in Mexico holiday home https://t.co/kn3WQcbz47,2018-03-23 21:41:40+00:00,-0.3818,0.193,0.307,0.5,9
9,BBC North America,John Bolton: Who is Trump's new national security adviser? https://t.co/NkOx1uKlgv,2018-03-23 21:10:09+00:00,0.34,0.211,0.0,0.789,10
10,BBC North America,Trump on spending bill: 'I will never sign a bill like this again' https://t.co/s1wlqMkyu4,2018-03-23 20:02:08+00:00,-0.2755,0.0,0.15,0.85,11
11,BBC North America,Former Blockbuster owner Wayne Huizenga dies at 80 https://t.co/A6T3gyjM1L,2018-03-23 18:23:04+00:00,0.5994,0.328,0.0,0.672,12
12,BBC North America,"""I will never sign a bill like this again"": Donald Trump https://t.co/sEnyI4J8FE",2018-03-23 17:45:22+00:00,-0.2755,0.0,0.174,0.826,13
13,BBC North America,US sanctions Iranian hackers for 'stealing university data' https://t.co/5GwSrM4jSw,2018-03-23 16:37:05+00:00,-0.5719,0.0,0.316,0.684,14
14,BBC North America,"RT @franzstrasser: Google searches for 'gun control' usually dip within days of a mass shooting, unless the President speaks about the topi…",2018-03-23 15:53:43+00:00,-0.34,0.0,0.107,0.893,15
15,BBC North America,Maryland school shooting victim taken off life support https://t.co/4iZVyeB7Eq,2018-03-23 15:37:12+00:00,0.1531,0.229,0.178,0.593,16
16,BBC North America,RT @PaulNBlake: Former Vice President @JoeBiden is currently meeting with students from Parkland on Capitol Hill. #MSDStrong #ParklandStude…,2018-03-23 15:06:55+00:00,0.0,0.0,0.0,1.0,17
17,BBC North America,Google's 'secret' smart city on Toronto's waterfront sparks row https://t.co/VG5ZFcp7RU,2018-03-23 14:22:16+00:00,0.4019,0.231,0.0,0.769,18
18,BBC North America,Craigslist drops dating ads after new law https://t.co/Q4FOHHYpoD,2018-03-23 13:57:56+00:00,0.0,0.0,0.0,1.0,19
19,BBC North America,"Reddit: Guns, beer and tobacco transactions now banned https://t.co/C5nBrQhIeL",2018-03-23 13:50:06+00:00,-0.4588,0.0,0.273,0.727,20
20,BBC North America,"RT @PaulNBlake: For many students, this is their first time visiting Capitol Hill. On the bus, riding past a US Treasury bldg, this AM, Lyl…",2018-03-23 13:23:32+00:00,0.2023,0.073,0.0,0.927,21
21,BBC North America,"RT @PaulNBlake: Terri Robinovitz is here holding a photo of her granddaughter Alyssa Alhadeff, who was killed in the Parkland, Florida scho…",2018-03-23 13:23:05+00:00,-0.6705,0.0,0.184,0.816,22
22,BBC North America,RT @PaulNBlake: The #NeverAgain kids from Marjory Stoneman Douglas are having breakfast in DC and have just been told they’ll be meeting wi…,2018-03-23 13:22:56+00:00,0.0,0.0,0.0,1.0,23
23,BBC North America,John Bolton: Five things new Trump security adviser believes https://t.co/Mb60vhORUt,2018-03-23 08:10:09+00:00,0.34,0.211,0.0,0.789,24
24,BBC North America,Thrills and chills at Broadway's Frozen musical https://t.co/4bTT34PiB7,2018-03-23 08:10:09+00:00,0.3612,0.263,0.0,0.737,25
25,BBC North America,Stephon Clark: Protests over police shooting shut NBA arena https://t.co/rTBOojIBVM,2018-03-23 07:47:50+00:00,-0.2263,0.0,0.174,0.826,26
26,BBC North America,Florida shooting survivors arrive for 'March for Our Lives' https://t.co/7qH2k1sSLN,2018-03-23 04:58:49+00:00,0.0,0.0,0.0,1.0,27
27,BBC North America,China considers possible tariffs on $3bn worth of US goods https://t.co/HWK3bd2nMM,2018-03-23 02:30:18+00:00,0.2263,0.16,0.0,0.84,28
28,BBC North America,The Walking Dead's make-up man on the art of gore https://t.co/9EWRQq28jc,2018-03-23 01:38:57+00:00,0.0,0.0,0.0,1.0,29
29,BBC North America,Florida shooting: Why I'm marching on Washington DC https://t.co/4F6Ae7UXSD,2018-03-23 01:38:57+00:00,0.0,0.0,0.0,1.0,30
30,BBC North America,Rosa Parks house: Dispute threatens bitter end to homecoming https://t.co/4VTOtV6J2H,2018-03-23 00:43:43+00:00,-0.7964,0.0,0.536,0.464,31
31,BBC North America,Trump's cabinet: who's next for the firing line? https://t.co/IVl6JsY6J7,2018-03-23 00:30:25+00:00,-0.34,0.0,0.231,0.769,32
32,BBC North America,Tillerson bids farewell to 'mean-spirited' Washington https://t.co/as7BvEjssN,2018-03-22 23:49:12+00:00,0.0,0.0,0.0,1.0,33
33,BBC North America,Why this mass shooting is different - the evidence https://t.co/mccHco6SSU,2018-03-22 23:17:10+00:00,0.0,0.0,0.0,1.0,34
34,BBC North America,John Bolton: Bush-era war hawk makes comeback https://t.co/3E1dG06XnD,2018-03-22 22:43:49+00:00,-0.5994,0.0,0.358,0.642,35
35,BBC North America,Trump replaces McMaster with Bolton https://t.co/C8J2dfEaqy,2018-03-22 22:38:16+00:00,0.0,0.0,0.0,1.0,36
36,BBC North America,A boxing commentator weighs in on who would win in a match: Donald Trump or Joe Biden? https://t.co/gcAJxYDRmw,2018-03-22 22:01:58+00:00,0.5859,0.202,0.0,0.798,37
37,BBC North America,Toys R Us founder Charles Lazarus dies at 94 as his company folds https://t.co/9B34d5cWUo,2018-03-22 21:51:20+00:00,0.0,0.0,0.0,1.0,38
38,BBC North America,An incomplete history of American protest https://t.co/yDBleYjmDM,2018-03-22 21:07:11+00:00,-0.25,0.0,0.25,0.75,39
39,BBC North America,Stephon Clark: Sacramento police shoot dead unarmed man https://t.co/CJvWXP93ys,2018-03-22 20:37:18+00:00,-0.7717,0.0,0.489,0.511,40
40,BBC North America,Edmonton police target violent teenage 'flash mobs' https://t.co/rVQmLAuxnt,2018-03-22 20:37:18+00:00,-0.5994,0.0,0.358,0.642,41
41,BBC North America,Massive spending bill moves to Senate ahead of shutdown deadline https://t.co/Ea7zbe427z,2018-03-22 20:25:40+00:00,0.0,0.0,0.0,1.0,42
42,BBC North America,Meet SoFi - the soft robot fish developed by MIT https://t.co/GetFZqy9jW,2018-03-22 18:16:33+00:00,0.0,0.0,0.0,1.0,43
43,BBC North America,Policeman discharged after Salisbury attack https://t.co/btjJa6baYR,2018-03-22 17:44:26+00:00,-0.4767,0.0,0.383,0.617,44
44,BBC North America,US senators have snowball fight on Capitol Hill https://t.co/5kXFqCGmbh,2018-03-22 17:07:10+00:00,-0.3818,0.0,0.245,0.755,45
45,BBC North America,Trump hits back at 'physically weak' Joe Biden https://t.co/W1oqxKB1zW,2018-03-22 16:55:14+00:00,-0.4404,0.0,0.266,0.734,46
46,BBC North America,Citigroup imposes restrictions on clients who sell guns https://t.co/znea6wUvG4,2018-03-22 16:51:09+00:00,-0.1027,0.0,0.149,0.851,47
47,BBC North America,Police video shows fatal shooting of unarmed black man https://t.co/vx6RrFcjns,2018-03-22 16:02:56+00:00,-0.5423,0.0,0.28,0.72,48
48,BBC North America,EU and six other countries exempted from US metals tariffs https://t.co/RveKph30Lf,2018-03-22 16:02:56+00:00,0.0,0.0,0.0,1.0,49
49,BBC North America,Donald Trump's top Russia lawyer John Dowd resigns https://t.co/IVUccA1Ifh,2018-03-22 15:50:16+00:00,-0.128,0.162,0.207,0.631,50
50,BBC North America,YouTube gun ban drives bloggers to PornHub https://t.co/jycvPPmXt4,2018-03-22 12:19:42+00:00,-0.7184,0.0,0.5,0.5,51
51,BBC North America,Tennessee grants $1 million to wrongly convicted man https://t.co/kf2QPkF4sM,2018-03-22 11:52:21+00:00,0.2263,0.192,0.0,0.808,52
52,BBC North America,Florida school shooting students told to wear clear backpacks https://t.co/yPWV7mo3Zz,2018-03-22 11:19:36+00:00,0.3818,0.224,0.0,0.776,53
53,BBC North America,Uber self-driving crash: Footage shows moment before impact https://t.co/VlMRA4USEN,2018-03-22 10:32:45+00:00,-0.4549,0.0,0.271,0.729,54
54,BBC North America,'People against gun control haven't been shot at' https://t.co/Dii1rS9e7J,2018-03-22 07:54:41+00:00,-0.34,0.0,0.231,0.769,55
55,BBC North America,News Daily: Zuckerberg apology and Westminster attack anniversary https://t.co/OFaojglM0Y,2018-03-22 06:38:18+00:00,-0.4404,0.106,0.274,0.619,56
56,BBC North America,Brexit: EU leaders set to discuss transition agreement https://t.co/2bHvBXJQx6,2018-03-22 01:56:56+00:00,0.4939,0.286,0.0,0.714,57
57,BBC North America,Joseph Mifsud: The mystery professor behind Trump Russia inquiry https://t.co/FhhB4ViNrQ,2018-03-22 00:30:24+00:00,0.0,0.0,0.0,1.0,58
58,BBC North America,Puerto Rico still in the dark six months after hurricane https://t.co/iCd2q896zl,2018-03-21 23:52:28+00:00,0.0,0.0,0.0,1.0,59
59,BBC North America,Trump set to announce China sanctions after IP probe https://t.co/stQINLZEL2,2018-03-21 23:52:28+00:00,0.0,0.0,0.0,1.0,60
60,BBC North America,"Putin 'will use World Cup like Hitler's Olympics', agrees Johnson https://t.co/vHEt4Xfeb8",2018-03-21 23:40:47+00:00,0.5106,0.323,0.0,0.677,61
61,BBC North America,Stormy Daniels case: Legal questions mount for Trump https://t.co/YEdI9kSd4g,2018-03-21 23:36:41+00:00,0.128,0.158,0.0,0.842,62
62,BBC North America,Fed announces US rate increase https://t.co/DUFaeICKAa,2018-03-21 22:22:34+00:00,0.3182,0.315,0.0,0.685,63
63,BBC North America,Tesla boss Elon Musk's $2.6bn pay day https://t.co/aHmoBvCGEU,2018-03-21 22:18:41+00:00,-0.1027,0.0,0.167,0.833,64
64,BBC North America,Austin bombings: Texas city rattled by bomb attacks https://t.co/m1IfOq6hok,2018-03-21 22:10:00+00:00,-0.7269,0.0,0.466,0.534,65
65,BBC North America,Spring snow storm blankets eastern US https://t.co/Oh0w1WnZ2g,2018-03-21 21:15:05+00:00,0.0,0.0,0.0,1.0,66
66,BBC North America,Facebook's Zuckerberg admits mistakes over Cambridge Analytica https://t.co/3nXaADbaCB,2018-03-21 20:01:32+00:00,-0.0772,0.206,0.234,0.561,67
67,BBC North America,"RT @BBCBreaking: Facebook's Zuckerberg: ""We made mistakes"" over Cambridge Analytica situation https://t.co/szg6INOSlk",2018-03-21 19:44:07+00:00,-0.3612,0.0,0.185,0.815,68
68,BBC North America,'Anti-military' California teacher fired for video rant https://t.co/Sxod0TpxOF,2018-03-21 19:07:10+00:00,-0.7184,0.0,0.5,0.5,69
69,BBC North America,"RT @BBCBreaking: Peru's President Pedro Pablo Kuczynski is to resign amid vote-buying scandal, government sources say https://t.co/E9UntpLq…",2018-03-21 18:46:57+00:00,-0.6486,0.0,0.261,0.739,70
70,BBC North America,Just for Laughs comedy festival sold to Howie Mandel https://t.co/hH1ZaHTgJ9,2018-03-21 16:57:57+00:00,0.836,0.56,0.0,0.44,71
71,BBC North America,Canadian Melina Roberge 'sorry' for role in Australian cruise ship drug scheme https://t.co/rY8dbsXC6y,2018-03-21 16:14:00+00:00,0.0,0.0,0.0,1.0,72
72,BBC North America,Austin bombings: Deceased suspect named as Texas man https://t.co/KedBQxRKs1,2018-03-21 15:17:31+00:00,-0.296,0.0,0.216,0.784,73
73,BBC North America,The Pink House: The last abortion clinic in Mississippi https://t.co/TIQ16I9Y6A,2018-03-21 15:17:31+00:00,0.0,0.0,0.0,1.0,74
74,BBC North America,Trump 'warned' not to congratulate Putin in Russia election https://t.co/8jmp9zGpwp,2018-03-21 15:01:38+00:00,-0.3875,0.0,0.226,0.774,75
75,BBC North America,RT @BBCBreaking: Suspect killed in the Austin parcel bombing case is named by US media as 23-year-old Mark Anthony Conditt https://t.co/pdB…,2018-03-21 13:46:26+00:00,-0.7717,0.0,0.261,0.739,76
76,BBC North America,Mississippi's strict abortion law temporarily blocked https://t.co/XYhCXjvj3d,2018-03-21 13:37:46+00:00,-0.2732,0.0,0.259,0.741,77
77,BBC North America,Lawsuit after Malaysian flag reported as 'IS symbol' in US https://t.co/sVtKJ4mvgf,2018-03-21 12:43:24+00:00,-0.2263,0.0,0.16,0.84,78
78,BBC North America,Austin bombings suspect dead - US media https://t.co/LjqfQ87MDw,2018-03-21 09:03:21+00:00,-0.7579,0.0,0.565,0.435,79
79,BBC North America,RT @BBCWorld: North Korea says sanctions did not push it to seek US talks https://t.co/lXeSDzmOzH,2018-03-21 06:29:39+00:00,0.0,0.0,0.0,1.0,80
80,BBC North America,Cambridge Analytica: Facebook data row academic 'is scapegoat' https://t.co/RX1fWpFWDK,2018-03-21 06:15:48+00:00,-0.4019,0.0,0.252,0.748,81
81,BBC North America,'Zombie firms' at risk with expected fed rate hike https://t.co/HSfeRjq3Ry,2018-03-21 02:40:56+00:00,-0.2732,0.0,0.189,0.811,82
82,BBC North America,Cynthia Nixon holds NY governor rally in Brooklyn https://t.co/Bo8xlCTgle,2018-03-21 02:05:30+00:00,0.0,0.0,0.0,1.0,83
83,BBC North America,Justine Damond shooting: US policeman charged with murder https://t.co/KUNWFCQRT9,2018-03-21 01:46:09+00:00,-0.7579,0.0,0.481,0.519,84
84,BBC North America,Austin police report new explosion https://t.co/f1vQDniM1S,2018-03-21 01:05:52+00:00,0.0,0.0,0.0,1.0,85
85,BBC North America,Stormy Daniels and Trump: Polygraph backs affair claim https://t.co/mfUwJ2nGRw,2018-03-20 20:47:18+00:00,-0.0516,0.0,0.13,0.87,86
86,BBC North America,Canada introduces new gun control measures https://t.co/iz7VEYmL4D,2018-03-20 19:22:05+00:00,-0.34,0.0,0.286,0.714,87
87,BBC North America,'Heroes' save trapped man from burning car https://t.co/a7z4RHDdna,2018-03-20 17:34:16+00:00,-0.0516,0.254,0.27,0.476,88
88,BBC North America,#DeleteFacebook trends after data row https://t.co/07vJWYQrxW,2018-03-20 17:21:29+00:00,0.0,0.0,0.0,1.0,89
89,BBC North America,Google pledges $300m to support journalism and fight fake news https://t.co/Vu7l8G6D6h,2018-03-20 17:07:24+00:00,-0.4588,0.165,0.348,0.488,90
90,BBC North America,Facebook shares slip as scrutiny continues https://t.co/fyNz9RCOa2,2018-03-20 16:57:48+00:00,0.296,0.268,0.0,0.732,91
91,BBC North America,Body of missing Australian Allison Raspa found in Canada https://t.co/xX4C3mX4Pe,2018-03-20 16:41:01+00:00,-0.296,0.0,0.196,0.804,92
92,BBC North America,US school shooting: Gunman dies after being shot in Maryland https://t.co/AgvYlBnfUH,2018-03-20 16:18:02+00:00,0.0,0.0,0.0,1.0,93
93,BBC North America,US Boy Scouts revoke badges from Down's syndrome boy https://t.co/vCxBv9vQRf,2018-03-20 12:52:37+00:00,0.0,0.0,0.0,1.0,94
94,BBC North America,Texas explosions: FBI 'investigating new blast at FedEx plant' https://t.co/bbe4a5SG57,2018-03-20 10:10:48+00:00,0.0,0.0,0.0,1.0,95
95,BBC North America,"RT @BBCBreaking: FBI is investigating a blast at a FedEx depot in Texas, in the wake of four explosions in recent weeks https://t.co/NAg1Kg…",2018-03-20 10:08:20+00:00,0.0,0.0,0.0,1.0,96
96,BBC North America,US retail giants ask Trump to reconsider China tariffs https://t.co/a3LWBdbCej,2018-03-20 08:44:12+00:00,0.0,0.0,0.0,1.0,97
97,BBC North America,Weinstein Company files for bankruptcy https://t.co/0nd2zDcuif,2018-03-20 04:47:39+00:00,0.0,0.0,0.0,1.0,98
98,BBC North America,Florida suspect's brother arrested at Marjory Stoneman Douglas school https://t.co/HSWqXFxyc5,2018-03-20 04:47:39+00:00,-0.4767,0.0,0.256,0.744,99
99,BBC North America,President Trump bans deals in Venezuela's crypto-currency https://t.co/Jj0ZNjDzMj,2018-03-20 01:40:30+00:00,0.0,0.0,0.0,1.0,100
100,CBS News,"As robocalls skyrocket, is the government doing enough to stop them? https://t.co/bQomPhDZ4T https://t.co/MXJpwHxvH9",2018-03-24 07:48:03+00:00,-0.296,0.0,0.155,0.845,1
101,CBS News,"OK, you've deleted Facebook, but is your data still out there? https://t.co/7EZ7ZpQLmm https://t.co/QEz8Ao3JIW",2018-03-24 07:33:04+00:00,0.2421,0.141,0.0,0.859,2
102,CBS News,Prince Harry and Meghan Markle's official wedding invitations are in the mail https://t.co/LFI5iVqkdm https://t.co/Sd7r5OSzOO,2018-03-24 07:18:06+00:00,0.0,0.0,0.0,1.0,3
103,CBS News,Man arrested for allegedly threatening to kill Virginia congressman https://t.co/BiR1Lgp3DN https://t.co/OJCU2kgjIO,2018-03-24 07:03:03+00:00,-0.9042,0.0,0.583,0.417,4
104,CBS News,How a failing Atlanta school cut its student turnover rate by nearly half https://t.co/SVBBCsQRvK https://t.co/uwifNBFeDM,2018-03-24 06:48:04+00:00,-0.6597,0.0,0.31,0.69,5
105,CBS News,"Deputy AG Rod Rosenstein announces indictment of Iranians for ""conspiring"" to hack U.S. entities… https://t.co/5EUjljsn0c",2018-03-24 06:33:06+00:00,0.0,0.0,0.0,1.0,6
106,CBS News,"Sacramento Kings owner says team respects ""people's abilities to protest peacefully"" https://t.co/G10tgy56Hl https://t.co/qpSRXmfCz1",2018-03-24 06:18:06+00:00,0.6908,0.412,0.107,0.481,7
107,CBS News,"Drugs laced with bug spray blamed for ""zombie""-like effects https://t.co/PoksxWAb6O https://t.co/sQqfjLpxM4",2018-03-24 06:03:05+00:00,-0.4767,0.0,0.237,0.763,8
108,CBS News,Greyhound bus passengers record mutiny after driver allegedly falls asleep https://t.co/lffKBBJNuz https://t.co/HNBjislaY2,2018-03-24 05:48:03+00:00,0.0,0.0,0.0,1.0,9
109,CBS News,"After more than 150 whales were stranded on beach in Hamelin Bay in western Australia, only a few survive… https://t.co/uX9veszQ2L",2018-03-24 05:33:04+00:00,0.0,0.0,0.0,1.0,10
110,CBS News,Asia reacts to Pres. Trump's pick of hardliner John Bolton as the new White House national security adviser… https://t.co/AqYmA4hQzc,2018-03-24 05:18:07+00:00,0.34,0.118,0.0,0.882,11
111,CBS News,Fort Bragg soldier shot dead in dispute with fellow soldier https://t.co/o0NweFRp5a https://t.co/SPlBG2cU89,2018-03-24 05:03:04+00:00,-0.7906,0.0,0.412,0.588,12
112,CBS News,"Las Vegas gunman showed ""true mark of a sociopath,"" retired police lieutenant says https://t.co/xoSJg4WvOz https://t.co/tV4EOXVFG8",2018-03-24 04:48:03+00:00,0.4215,0.177,0.0,0.823,13
113,CBS News,Why do so many golden retrievers get cancer? One massive study hopes to find out https://t.co/BGNEtqFWft https://t.co/RIvVp617Xm,2018-03-24 04:33:04+00:00,-0.3818,0.126,0.198,0.676,14
114,CBS News,Subway construction unearths treasure trove of fossils from Los Angeles' prehistoric past https://t.co/RuyOvmvSkr https://t.co/hATLcLxBKi,2018-03-24 04:18:07+00:00,0.296,0.145,0.0,0.855,15
115,CBS News,Former Pres. Jimmy Carter tells @CBSSunday that he's willing to help Pres. Trump on North Korea… https://t.co/3EKSgv8woE,2018-03-24 04:03:03+00:00,0.4019,0.144,0.0,0.856,16
116,CBS News,March Madness: Villanova holds off West Virginia to head to the Elite Eight https://t.co/4E1AdfQgrK https://t.co/j4iQhfJyif,2018-03-24 03:54:04+00:00,-0.4404,0.0,0.172,0.828,17
117,CBS News,"Bombing suspect's roommate was kept in custody until after suspect died, mom says https://t.co/sEUJbHqMfh https://t.co/0PxfLk8zcg",2018-03-24 03:48:04+00:00,-0.7003,0.0,0.309,0.691,18
118,CBS News,"Stories about Trump replacing McMaster were ""fake news"" — until they weren't https://t.co/B8jqNQ5d5l https://t.co/2Hj0DPeOX0",2018-03-24 03:33:05+00:00,-0.4767,0.0,0.205,0.795,19
119,CBS News,"Travis AFB explosion: No known terror link in fiery van crash, FBI says https://t.co/T9g4nq7qJP https://t.co/RnKc026wFB",2018-03-24 03:26:06+00:00,-0.8658,0.0,0.493,0.507,20
120,CBS News,"St. Joseph’s student Mark Dombroski died in apparent fall in Bermuda, pathologist says https://t.co/UIl4RKyr0E https://t.co/hmAOxciXQ2",2018-03-24 03:18:07+00:00,-0.5574,0.0,0.205,0.795,21
121,CBS News,2 Alabama teens charged in overdose death after officials say they posted photos of the body on social media… https://t.co/a7gkZLyluw,2018-03-24 03:03:04+00:00,-0.6908,0.0,0.251,0.749,22
122,CBS News,"""I want receipts"": Cardi B goes viral asking about her tax dollars https://t.co/OknjqHXjZz https://t.co/v4ZuHtNjwj",2018-03-24 03:00:15+00:00,0.0772,0.098,0.0,0.902,23
123,CBS News,"Examining the limits of cheaper and easier at-home genetic tests, some of which cost less than $100… https://t.co/bUI11y3tyA",2018-03-24 02:45:01+00:00,0.4215,0.141,0.0,0.859,24
124,CBS News,"Craigslist takes personals section offline in the United States, after U.S. Senate passes anti-sex trafficking bill… https://t.co/UZYNHwzmvK",2018-03-24 02:25:01+00:00,0.3182,0.145,0.078,0.777,25
125,CBS News,"CBS News documentary ""39 Days"" goes behind the scenes with Parkland students -- from the massacre to the march; wat… https://t.co/aRJtRvaCKL",2018-03-24 02:05:01+00:00,0.0,0.0,0.0,1.0,26
126,CBS News,Former water park executive charged with involuntary manslaughter in death of 10-year-old boy on giant waterslide i… https://t.co/7mD5ouGI0G,2018-03-24 01:45:03+00:00,-0.6908,0.0,0.263,0.737,27
127,CBS News,"""The president talks more than any target of any investigation that I've ever participated in,"" Rep. Trey Gowdy say… https://t.co/QZwV14ZZWN",2018-03-24 01:25:01+00:00,0.0,0.0,0.0,1.0,28
128,CBS News,"Rapper Cardi B says she's being taxed 40 percent -- and in an impassioned Instagram video, she's demanding ""receipt… https://t.co/wv8yuetID5",2018-03-24 01:05:36+00:00,-0.2263,0.0,0.095,0.905,29
129,CBS News,"Jamarion Styles lost his hands as an infant, but as he sinks 3-point shots on the basketball court, he tells… https://t.co/HNN0aSK2qo",2018-03-24 00:45:00+00:00,-0.1655,0.0,0.076,0.924,30
130,CBS News,"Iranian hackers are stealing and ""taking credit"" for our work, FBI deputy director says, as nine are slapped with c… https://t.co/uF667lyGr5",2018-03-24 00:25:01+00:00,-0.2732,0.103,0.146,0.751,31
131,CBS News,"Police killing of 22-year-old Stephon Clark, who was unarmed, brought a second day of largely peaceful protests to… https://t.co/Eyf3VRs9g0",2018-03-24 00:05:01+00:00,-0.4767,0.131,0.257,0.612,32
132,CBS News,"Sheriff remains defiant amid claims that he turned an Alabama jail into his personal piggy bank, pocketing leftover… https://t.co/SP5MQE7MXQ",2018-03-23 23:45:01+00:00,-0.2263,0.0,0.095,0.905,33
133,CBS News,"Earth is losing plants, animals and clean water at a dramatic rate, according to four new United Nations scientific… https://t.co/fxg0L7KFed",2018-03-23 23:25:00+00:00,0.4404,0.228,0.108,0.664,34
134,CBS News,Philadelphia Eagles player Michael Bennett indicted for allegedly shoving paraplegic worker when he tried to get on… https://t.co/7qq0dAN96a,2018-03-23 23:05:01+00:00,0.0,0.0,0.0,1.0,35
135,CBS News,"RT @CBSEveningNews: A basketball player may have had an unfair advantage over the competition--a bigger heart, and stronger will than anyon…",2018-03-23 23:02:27+00:00,0.128,0.186,0.126,0.688,36
136,CBS News,"After American family is found dead in vacation condo, the tragedy is the latest in a list of concerns about the sa… https://t.co/fvJLFeYLS1",2018-03-23 22:58:31+00:00,-0.8658,0.0,0.303,0.697,37
137,CBS News,"""As the sheriff pockets tax dollars, the median income in Etowah County is $40,000,"" CBS News' Mark Strassman repor… https://t.co/uF6sPdpvd4",2018-03-23 22:56:13+00:00,0.0,0.0,0.0,1.0,38
138,CBS News,"CBS News' Mark Strassman: ""Do you agree that the optics of this are terrible? 
Alabama sheriff who used more than $… https://t.co/O3r4kNsH7S",2018-03-23 22:54:05+00:00,-0.1531,0.098,0.121,0.781,39
139,CBS News,"""This is a jail -- this is not a bed and breakfast,"" says sheriff who purchased beach house with funds meant for in… https://t.co/O2z6xh50uV",2018-03-23 22:52:44+00:00,0.0,0.0,0.0,1.0,40
140,CBS News,"""The original goal of #neveragain was to make one center where we could all be together and grieve,"" Stoneman Dougl… https://t.co/BhKEFSqsYZ",2018-03-23 22:48:30+00:00,0.3182,0.103,0.0,0.897,41
141,CBS News,"Pres. Trump's ""protests ignored the fact the White House and Republicans who control Congress led negotiations on t… https://t.co/W6g1NMpGbD",2018-03-23 22:43:07+00:00,-0.4939,0.0,0.198,0.802,42
142,CBS News,"""Nine Iranian men now wanted by the FBI are allegedly the hackers for hire behind a massive cyber theft campaign ba… https://t.co/OrsAGVgG2g",2018-03-23 22:41:31+00:00,0.0,0.0,0.0,1.0,43
143,CBS News,"During Friday's supermarket standoff, the assailant ""let all the hostages go, except one woman he kept as a human s… https://t.co/mL2IsMtOd3",2018-03-23 22:39:31+00:00,0.0,0.0,0.0,1.0,44
144,CBS News,"Stephon Clark was shot holding a cell phone, which police say they thought was a gun, CBS News' John Blackstone rep… https://t.co/efEDfevuGm",2018-03-23 22:36:31+00:00,-0.34,0.0,0.112,0.888,45
145,CBS News,"Protests continue in Sacramento, as marchers say they want justice after police officers shot a black man to death;… https://t.co/sURPUFoqM3",2018-03-23 22:34:21+00:00,0.4215,0.208,0.084,0.708,46
146,CBS News,"RT @CBSEveningNews: We’re on the air in the East. @JeffGlor is live from Studio 57 in NYC

Thanks for being with us #OriginalReporting #CBS…",2018-03-23 22:31:29+00:00,0.4404,0.112,0.0,0.888,47
147,CBS News,"Department of Justice officially proposes a change to federal regulations to ban bump stock devices, AG Jeff Sessio… https://t.co/pSmfwlDOvG",2018-03-23 22:25:00+00:00,-0.0516,0.148,0.157,0.696,48
148,CBS News,Elon Musk joins #DeleteFacebook campaign that has expanded since it became known that Cambridge Analytica acquired… https://t.co/OeHmFhBEpj,2018-03-23 22:05:01+00:00,0.0,0.0,0.0,1.0,49
149,CBS News,"Investigators are searching the London offices of Cambridge Analytica, the analytics firm at the center of the Face… https://t.co/OfzMC3u9pm",2018-03-23 21:45:01+00:00,0.0,0.0,0.0,1.0,50
150,CBS News,"Mounting fear of an incipient global trade war is sending stocks into a tailspin; on Friday, the Dow was down more… https://t.co/FxCXtCh7lj",2018-03-23 21:25:01+00:00,-0.7964,0.0,0.272,0.728,51
151,CBS News,Injuries that killed a Penn State fraternity pledge last year might not have been fatal if fraternity members had s… https://t.co/93eRRLJ4do,2018-03-23 21:05:01+00:00,-0.3919,0.112,0.178,0.71,52
152,CBS News,"Family of four from Iowa found dead in Mexico after being reported missing, police say; there were no signs of foul… https://t.co/sdqF4eTWxr",2018-03-23 20:45:05+00:00,-0.8271,0.0,0.314,0.686,53
153,CBS News,Cambridge Analytica's acting CEO has apologized for actions that led to 50 million Americans' personal data being m… https://t.co/FVT9KDW0pP,2018-03-23 20:11:51+00:00,0.3182,0.113,0.0,0.887,54
154,CBS News,"Ahead of Saturday's ""March for Our Lives,"" students at a Dallas high school walked out of their classrooms Friday i… https://t.co/UKzSrFPHcZ",2018-03-23 19:40:52+00:00,0.0,0.0,0.0,1.0,55
155,CBS News,"A teenage girl who was shot when a classmate opened fire inside their Maryland high school has died, authorities sa… https://t.co/z7Vldibepu",2018-03-23 19:10:01+00:00,-0.7184,0.0,0.261,0.739,56
156,CBS News,"Sacramento Kings owner says the team respects ""people's abilities to protest peacefully"" https://t.co/u94evjlqxM https://t.co/NwLiGh5mrm",2018-03-23 18:50:01+00:00,0.6908,0.391,0.102,0.508,57
157,CBS News,A French policeman was shot by a gunman Friday after swapping himself for a hostage in a siege at a supermarket… https://t.co/EjMQNOGlkP,2018-03-23 18:30:01+00:00,0.0,0.0,0.0,1.0,58
158,CBS News,Elon Musk is the latest to jump on the #DeleteFacebook bandwagon -- the Facebook pages of SpaceX and Tesla have van… https://t.co/6bXVzsTiIC,2018-03-23 18:10:01+00:00,0.0,0.0,0.0,1.0,59
159,CBS News,"""The president may say he's disappointed, but it reflects the exact negotiating position his White House took with… https://t.co/SEDvvX47VQ",2018-03-23 17:51:49+00:00,-0.2617,0.0,0.102,0.898,60
160,CBS News,"Pres. Trump: ""I looked very seriously at the veto. I was thinking about doing the veto, but because of the incredib… https://t.co/czIgSwL6gD",2018-03-23 17:49:34+00:00,-0.1272,0.0,0.07,0.93,61
161,CBS News,"Pres. Trump: ""While we're very disappointed in the $1.3 trillion, nobody more disappointed than me because the numb… https://t.co/vxddcqhLGa",2018-03-23 17:43:14+00:00,-0.7774,0.0,0.285,0.715,62
162,CBS News,"""To prevent the omnibus situation from ever happening again, I'm calling on Congress to give me a line item veto fo… https://t.co/mSEAvfVk9j",2018-03-23 17:34:46+00:00,0.0258,0.052,0.0,0.948,63
163,CBS News,"Pres. Trump: ""I say to Congress, I will never sign another bill like this again. I'm not going to do it again. Nobo… https://t.co/EQ1T5g66k0",2018-03-23 17:32:35+00:00,0.3612,0.102,0.0,0.898,64
164,CBS News,"Pres. Trump: ""Therefore, as a matter of national security, I've signed this omnibus budget bill. There are a lot of… https://t.co/9EjJ3KkuaA",2018-03-23 17:31:48+00:00,0.3612,0.171,0.0,0.829,65
165,CBS News,"""My highest duty is to keep America safe, nothing more important,"" Pres. Trump says. ""The omnibus bill reverses thi… https://t.co/1k7ykc9psM",2018-03-23 17:30:26+00:00,0.4404,0.132,0.0,0.868,66
166,CBS News,"Pres. Trump says ""we're going to get on to this ridiculous situation that took place over the last week,"" ahead of… https://t.co/cCG9CrMgms",2018-03-23 17:28:16+00:00,-0.4357,0.0,0.12,0.88,67
167,CBS News,SPECIAL REPORT: Pres. Trump will sign $1.3 trillion omnibus spending bill after threatening to veto the measure… https://t.co/Llu8Q0etNr,2018-03-23 17:26:02+00:00,0.0085,0.15,0.149,0.701,68
168,CBS News,"UPDATE: Pres. Trump will sign omnibus spending bill at White House, after threatening to veto the measure on Friday… https://t.co/JbXfQf1N5O",2018-03-23 17:09:30+00:00,-0.5267,0.0,0.152,0.848,69
169,CBS News,"NEW: Pres. Trump expected to sign omnibus spending bill at 1 p.m. ET event, @MajorCBS confirms with congressional a… https://t.co/TgMO0v87i2",2018-03-23 17:02:27+00:00,0.0,0.0,0.0,1.0,70
170,CBS News,"One of the Austin bombing suspect's roommates was kept in custody until after the suspect died, the roommate's mom… https://t.co/NH4OSOcWFk",2018-03-23 16:50:03+00:00,-0.7003,0.0,0.244,0.756,71
171,CBS News,"Las Vegas gunman Stephen Paddock showed ""true mark of a sociopath,"" retired police lieutenant says… https://t.co/5WauxgckGh",2018-03-23 16:30:01+00:00,0.4215,0.167,0.0,0.833,72
172,CBS News,"U.S. drops charges against 7 of Turkish President Erdogan's guards who allegedly beat up protesters in Washington,… https://t.co/hEituBcBUC",2018-03-23 16:10:01+00:00,-0.4588,0.0,0.211,0.789,73
173,CBS News,"No foul play is suspected in the death of a St. Joseph's University freshman in Bermuda, pathologist says; the 19-y… https://t.co/6W7s62YtVj",2018-03-23 15:50:02+00:00,-0.6808,0.091,0.303,0.606,74
174,CBS News,How one tweet offering a home to young protesters coming to Washington started a movement: https://t.co/MagFNYF0pU https://t.co/gDQfwSw9XR,2018-03-23 15:30:02+00:00,-0.2263,0.0,0.119,0.881,75
175,CBS News,"Prince Harry and Meghan Markle's official wedding invitations are in the mail, Kensington Palace says… https://t.co/Psl4hXezhr",2018-03-23 15:10:02+00:00,0.0,0.0,0.0,1.0,76
176,CBS News,ISIS is now claiming responsibility for the hostage situation in southern France. Police say a gunman was shot and… https://t.co/vnBHBopMbI,2018-03-23 15:07:27+00:00,0.0,0.0,0.0,1.0,77
177,CBS News,"Hard numbers:
▪️ 3: POTUS has requested a 3-year extension of “trade promotion authority”
▪️ 160: South Korea wants… https://t.co/37HyDDlPM6",2018-03-23 14:54:46+00:00,-0.1027,0.0,0.072,0.928,78
178,CBS News,"Deputy Attorney General Rod Rosenstein announces indictment of Iranians for ""conspiring"" to hack U.S. entities… https://t.co/Hu4SbDMGpw",2018-03-23 14:50:01+00:00,0.0,0.0,0.0,1.0,79
179,CBS News,There are growing fears of a trade war between the U.S. and China. President Trump signed a measure to slap China w… https://t.co/85IQbRQhEN,2018-03-23 14:46:41+00:00,-0.6597,0.122,0.248,0.63,80
180,CBS News,U.S. stocks regained their footing Friday morning after plunging on Thursday amid fears of a U.S.-China trade war… https://t.co/iicMraLmcX,2018-03-23 14:30:02+00:00,-0.4215,0.0,0.141,0.859,81
181,CBS News,"RT @CBSThisMorning: Tomorrow, students will take the streets for #MarchforOurLives as they demand an end to school shootings and gun violen…",2018-03-23 14:18:08+00:00,-0.4404,0.0,0.17,0.83,82
182,CBS News,"MORE: France's Interior Ministry and police union confirm officers raided the grocery store in southern France, kil… https://t.co/GdI7D75XVD",2018-03-23 14:11:58+00:00,0.0,0.0,0.0,1.0,83
183,CBS News,"UPDATE: The man who took hostages in a French supermarket is dead, reports say. The French president says the incid… https://t.co/A8SnHrOsId",2018-03-23 13:59:54+00:00,-0.6486,0.0,0.185,0.815,84
184,CBS News,"""At this point in time, we will not provide any figures. The Paris public prosecutor will shortly provide developme… https://t.co/vB3OjeAqrS",2018-03-23 13:39:27+00:00,0.0,0.0,0.0,1.0,85
185,CBS News,WATCH LIVE: French President Macron addresses hostage situation in southern France https://t.co/LjIkIDkdTc https://t.co/c0lYPdCYS5,2018-03-23 13:35:38+00:00,0.0,0.0,0.0,1.0,86
186,CBS News,"UPDATE: France's Interior Ministry confirms that two people were killed in the store in southern France, and the si… https://t.co/yelJy0aYPS",2018-03-23 13:27:00+00:00,-0.6705,0.0,0.191,0.809,87
187,CBS News,"MORE: President Trump's veto threat suddenly makes a government shutdown, which seemed to be a crisis averted early… https://t.co/KxTYAgLKh0",2018-03-23 13:14:40+00:00,-0.8316,0.0,0.386,0.614,88
188,CBS News,"NEW: President Trump says he is considering a veto of the omnibus spending bill, citing the lack of a DACA deal and… https://t.co/z1KxIgEosd",2018-03-23 13:01:31+00:00,-0.3182,0.0,0.103,0.897,89
189,CBS News,Yves Lefebvre of the French police union tells the AP that the gunman shot and killed 1 person as he entered the su… https://t.co/3PvBnovFGz,2018-03-23 12:48:08+00:00,-0.6705,0.0,0.17,0.83,90
190,CBS News,"French Prime Minister Edouard Philippe says the information available suggests the incident in southern France ""see… https://t.co/TJ7oTahVUP",2018-03-23 12:45:52+00:00,0.0,0.0,0.0,1.0,91
191,CBS News,"NEW: President Trump has been informed of the situation in southern France, White House says https://t.co/LjIkIDkdTc https://t.co/Fa8CV3PEHk",2018-03-23 12:24:52+00:00,0.0,0.0,0.0,1.0,92
192,CBS News,"Former FBI assistant director Ron Hosko: ""The key question at the front end is, is this a true hostage situation or… https://t.co/oBYtpYEfPK",2018-03-23 12:22:41+00:00,0.5023,0.14,0.0,0.86,93
193,CBS News,"The suspect is now still inside the supermarket in southern France with another man said to be a policeman,… https://t.co/gKmntCDsbX",2018-03-23 12:17:58+00:00,-0.296,0.0,0.109,0.891,94
194,CBS News,"At least one witness told French media that a man holding people in the store claimed he was loyal to ISIS, but pol… https://t.co/ZT0CuObvq6",2018-03-23 12:08:58+00:00,0.2617,0.085,0.0,0.915,95
195,CBS News,Police say a suspect took people hostage inside a supermarket in southern France. At least one person is feared dea… https://t.co/zmCWnY4Iss,2018-03-23 12:05:15+00:00,-0.6597,0.0,0.241,0.759,96
196,CBS News,".@BBCNews is told there are special forces at the scene in southern France, an operation is ongoing, and that there… https://t.co/hnLVizhoBl",2018-03-23 11:47:24+00:00,0.4019,0.119,0.0,0.881,97
197,CBS News,Facebook Chief Operating Officer Sheryl Sandberg says she regrets the company did not do more to protect users’ per… https://t.co/ecZq9blL7Z,2018-03-23 11:39:45+00:00,0.0972,0.123,0.107,0.77,98
198,CBS News,Newly-released surveillance video shows Las Vegas gunman Stephen Paddock in the days before he opened fire from his… https://t.co/vXRz3LsHhh,2018-03-23 11:35:15+00:00,-0.34,0.0,0.118,0.882,99
199,CBS News,"RT @CBSThisMorning: ""Defense Sec. Jim Mattis has to be feeling very alone right now. He's one of the lone moderates left at the table in th…",2018-03-23 11:32:53+00:00,-0.3384,0.102,0.149,0.748,100
200,CNN,"Charlotte Pence says she's ""all for"" comedian John Oliver's parody book, which depicts her family's pet rabbit Marl… https://t.co/GVSsaRAh36",2018-03-24 07:31:03+00:00,0.3818,0.126,0.0,0.874,1
201,CNN,This mom's tweet helped 500 students find free housing for March for Our Lives https://t.co/G87bku1lsf https://t.co/S33VYhu0oo,2018-03-24 07:01:07+00:00,0.5106,0.18,0.0,0.82,2
202,CNN,A Tennessee man who was wrongfully imprisoned for 31 years and initially given $75 to start over has been awarded $… https://t.co/ZZ8u4tu9jg,2018-03-24 06:46:02+00:00,-0.0772,0.109,0.121,0.769,3
203,CNN,A French police officer who asked a gunman to let him take the place of a hostage in a supermarket attack has died.… https://t.co/XhbAin6Bi4,2018-03-24 06:40:11+00:00,-0.4767,0.0,0.14,0.86,4
204,CNN,This luxury cruise ship has been sliced in half https://t.co/txBALDZdzP (via @CNNStyle) https://t.co/aOaYk88cNs,2018-03-24 06:31:07+00:00,0.0,0.0,0.0,1.0,5
205,CNN,"Why you'll see a lot of ""evil eye"" gloves at the March For Our Lives https://t.co/de8vPVGiGa https://t.co/KmU0x6QREK",2018-03-24 06:16:01+00:00,-0.6597,0.0,0.227,0.773,6
206,CNN,"""Black Panther"" is the the most-tweeted about movie of all time, Twitter says https://t.co/ZWh2YuqX4U https://t.co/rftmgnyVeR",2018-03-24 06:01:06+00:00,0.0,0.0,0.0,1.0,7
207,CNN,An animatronic T .rex went up in flames at this dinosaur park in Colorado. The park says the blaze was caused by el… https://t.co/gSEG6n41R6,2018-03-24 05:46:36+00:00,0.0,0.0,0.0,1.0,8
208,CNN,About half of all plants and animals in 35 of the world's most biodiverse places are at risk of extinction due to c… https://t.co/0FtKh7imuD,2018-03-24 05:31:07+00:00,-0.2732,0.0,0.084,0.916,9
209,CNN,This robotic fish is designed to swim near real aquatic creatures and spy on them without raising suspicions or dis… https://t.co/OttcHYIf2N,2018-03-24 05:16:00+00:00,0.2755,0.095,0.0,0.905,10
210,CNN,"There has been, on average, 1 school shooting every week this year https://t.co/H5cOC5GHcs https://t.co/VtqwWCzMHV",2018-03-24 05:01:05+00:00,0.0,0.0,0.0,1.0,11
211,CNN,These New York police officers were outnumbered in this adorable snowball fight https://t.co/BOxryZ3vmA,2018-03-24 04:47:27+00:00,0.2846,0.216,0.15,0.634,12
212,CNN,"K-pop group Red Velvet will be part of a group of South Korean pop stars who will be performing in Pyongyang, North… https://t.co/KUetUTpnKz",2018-03-24 04:31:05+00:00,0.0,0.0,0.0,1.0,13
213,CNN,Elon Musk nonchalantly erased Tesla and SpaceX from Facebook https://t.co/qMDTGmYeVE https://t.co/gzNLaDAlAU,2018-03-24 04:16:01+00:00,0.0,0.0,0.0,1.0,14
214,CNN,"When a gunman killed 26 at her school, Lauren Milgram, then just 6, hid in a bathroom. Now, the 12-year-old is marc… https://t.co/ki9WVaTFdx",2018-03-24 04:08:06+00:00,-0.7096,0.0,0.237,0.763,15
215,CNN,"Sudan, a northern white rhino and the last male of his subspecies, has died. Photographer @Amivee chronicled the fi… https://t.co/4sYmt1UnBA",2018-03-24 04:01:01+00:00,-0.5574,0.0,0.167,0.833,16
216,CNN,"North Korea accepts South Korea’s proposal to hold high-level talks on March 29, Seoul's Unification Ministry says… https://t.co/NklKxXah6N",2018-03-24 03:54:21+00:00,0.3182,0.119,0.0,0.881,17
217,CNN,How much of a struggle is it for transgender or intersex individuals to find acceptance and love in modern-day Indi… https://t.co/tIuvh9nxQY,2018-03-24 03:45:18+00:00,0.7096,0.272,0.087,0.642,18
218,CNN,The Trump era has been very good to Iraq War hawks | Analysis by CNN's Gregory Krieg https://t.co/V7rmQ91TcY https://t.co/bTKR2Vtt6C,2018-03-24 03:36:03+00:00,-0.1796,0.138,0.169,0.693,19
219,CNN,At least one investigation has been launched into how a senior adviser to Veterans Affairs Secretary David Shulkin… https://t.co/obTgPuXNkK,2018-03-24 03:31:06+00:00,0.128,0.081,0.0,0.919,20
220,CNN,"A video shows a fatal police shooting of an Illinois woman, and her family wants answers https://t.co/22G4LKFKj8",2018-03-24 03:16:04+00:00,-0.5423,0.0,0.2,0.8,21
221,CNN,The 26 oddest lines from Donald Trump's totally bizarro omnibus signing announcement | Analysis by CNN's Chris Cill… https://t.co/a8gg0xIxix,2018-03-24 03:07:37+00:00,0.0,0.0,0.0,1.0,22
222,CNN,Exclusive: Inside the base that would oversee a US nuclear strike https://t.co/KIFZL3gMMz https://t.co/fpqL5PGdqW,2018-03-24 03:01:02+00:00,0.0,0.115,0.115,0.769,23
223,CNN,"Why I'm marching on Saturday ... in a wheelchair || Karina Vargas, who was shot outside her school in Colorado, wri… https://t.co/NlVwhhbu8C",2018-03-24 02:51:23+00:00,0.0,0.0,0.0,1.0,24
224,CNN,"Five years on, Chinese doctor Zhang Qimao still simmers with rage over what happened to her when she reported a sex… https://t.co/adCpsQVwZg",2018-03-24 02:46:03+00:00,-0.5574,0.0,0.153,0.847,25
225,CNN,RT @CNNTonight: The White House announces a policy to ban most transgender troops from serving in the military https://t.co/L8gejLhYc9 http…,2018-03-24 02:37:07+00:00,-0.5574,0.0,0.167,0.833,26
226,CNN,"RT @AC360: Former Cambridge Analytica staff say a super PAC run by John Bolton, President Trump's new national security adviser, used the c…",2018-03-24 02:36:48+00:00,0.743,0.24,0.0,0.76,27
227,CNN,"With Lt. Gen H.R. McMaster's departure, the White House is losing a real warrior, writes @peterbergencnn via… https://t.co/dSVJ5WvKgM",2018-03-24 02:35:41+00:00,-0.3818,0.0,0.14,0.86,28
228,CNN,The lawyer representing the porn star suing President Donald Trump called a tweet he posted of an apparent data dis… https://t.co/Y8bkEh0OmG,2018-03-24 02:30:18+00:00,-0.2732,0.0,0.1,0.9,29
229,CNN,"Former Deputy FBI Director Andrew McCabe is speaking out about his recent firing, saying the allegations of ""lack o… https://t.co/k2ORmOkeeH",2018-03-24 02:16:07+00:00,-0.5719,0.0,0.207,0.793,30
230,CNN,Why build a bigger cruise ship when you can just cut one in half and add an extra 50 feet to the middle?… https://t.co/Gk41THywKV,2018-03-24 02:09:35+00:00,-0.2732,0.0,0.087,0.913,31
231,CNN,"""Sometimes I forget that we are the high schoolers here."" Cameron Kasky and fellow Parkland survivors share exclusi… https://t.co/cwU8Q4iLzV",2018-03-24 02:01:42+00:00,0.0772,0.109,0.095,0.796,32
232,CNN,“What can we do to stop this from continuing?” Emma González and fellow Parkland survivors share exclusive video di… https://t.co/hcVuJPQ799,2018-03-24 02:01:10+00:00,0.128,0.162,0.096,0.742,33
233,CNN,"""It's going to be tough, but I'm going to get through this and I'm going to survive and it's going to be okay."" Ale… https://t.co/C0dbtrGRHH",2018-03-24 01:59:55+00:00,-0.0644,0.0,0.05,0.95,34
234,CNN,"“I'm in a lot of pain, and I've never been face with this kind of pain before.” Sam Fuentes and Parkland survivors… https://t.co/7YY0uHZpCf",2018-03-24 01:59:37+00:00,-0.765,0.0,0.248,0.752,35
235,CNN,The 29(!) major Trump headlines this week | Analysis by @CillizzaCNN https://t.co/tCcXmkv6L7 https://t.co/g6gfJ3Y88C,2018-03-24 01:54:36+00:00,0.0,0.0,0.0,1.0,36
236,CNN,JUST IN: The White House has announced a policy to ban most transgender persons from serving in the US military… https://t.co/uj1gqzgJJE,2018-03-24 01:41:03+00:00,-0.5574,0.0,0.159,0.841,37
237,CNN,"""I'm marching because I don't want this to happen to any other child and it really shouldn't have happened."" 12-yea… https://t.co/HHnpCQioMa",2018-03-24 01:37:50+00:00,-0.0572,0.0,0.06,0.94,38
238,CNN,"Former Cambridge Analytica staff say a super PAC run by John Bolton, President Trump's new national security advise… https://t.co/Dyx0XhV9dh",2018-03-24 01:30:32+00:00,0.743,0.283,0.0,0.717,39
239,CNN,"""I didn't ask for any of this. None of us asked to be put in this situation."" Emma González and fellow Parkland sur… https://t.co/ySLPQ9tlLT",2018-03-24 01:25:51+00:00,0.0,0.0,0.0,1.0,40
240,CNN,"""I felt the heaviness of the bullet. I still didn't really believe that I got shot until I'd seen the wounds."" -Sam… https://t.co/mDK6PoIelm",2018-03-24 01:21:46+00:00,0.0,0.0,0.0,1.0,41
241,CNN,Gold Star father Khizr Khan wrote a personal appeal to the Supreme Court to strike down President Trump's travel ba… https://t.co/dH62kdUtzn,2018-03-24 01:16:10+00:00,0.4767,0.156,0.065,0.779,42
242,CNN,President Trump moves closer to banning bump fire stocks https://t.co/NYNvd93X9J https://t.co/v4s0YlWa2M,2018-03-24 01:08:18+00:00,-0.34,0.0,0.194,0.806,43
243,CNN,Parkland survivors share exclusive video diaries. Their stories NOW on CNN. https://t.co/jK5GTLr9qF #ParklandDiaries https://t.co/5CGN3fhwIp,2018-03-24 01:01:59+00:00,0.4019,0.236,0.0,0.764,44
244,CNN,“This is what I have to deal with right now.” Sam Fuentes and Parkland survivors share exclusive video diaries. The… https://t.co/RzsLF59uYI,2018-03-24 00:51:05+00:00,0.4019,0.171,0.0,0.829,45
245,CNN,"RT @AC360: Anderson Cooper: President Trump ""does not shy away from speaking his mind about even the most serious allegations against him,…",2018-03-24 00:50:26+00:00,0.0379,0.075,0.068,0.857,46
246,CNN,"Using cell phones, six Parkland survivors chronicled their lives in the weeks after the shooting. Their stories ton… https://t.co/cFgavh6mG1",2018-03-24 00:50:04+00:00,0.0,0.0,0.0,1.0,47
247,CNN,“What can we do to stop this from continuing?” Emma González and fellow Parkland survivors share exclusive video di… https://t.co/ECbIl0JzdA,2018-03-24 00:41:06+00:00,0.128,0.162,0.096,0.742,48
248,CNN,"“Still trying to get back to normal, whatever that is.” Samantha Grady and Parkland survivors share exclusive video… https://t.co/AFrFHftZcC",2018-03-24 00:37:13+00:00,0.4019,0.179,0.0,0.821,49
249,CNN,Sydney's newest landmark is a mixed-use development called Central Park. The award-winning complex boasts one of th… https://t.co/TAXZmAhTpz,2018-03-24 00:36:49+00:00,0.0772,0.075,0.0,0.925,50
250,CNN,"RT @AC360: Using cell phones, six Parkland survivors chronicled their lives in the weeks after the shooting. Their stories tonight, 9 p.m.…",2018-03-24 00:36:31+00:00,0.0,0.0,0.0,1.0,51
251,CNN,"Cameron Kasky and fellow Parkland survivors share exclusive video diaries. Their stories tonight, 9p ET on CNN… https://t.co/vFITbP5MBI",2018-03-24 00:31:23+00:00,0.4019,0.188,0.0,0.812,52
252,CNN,"March for Our Lives student organizers say the event takes on ""an issue of life and death. ... The mass shooting ep… https://t.co/7YyUdSrQlq",2018-03-24 00:29:20+00:00,-0.5994,0.0,0.151,0.849,53
253,CNN,"RT @OutFrontCNN: ""Everyone that I talk to in the White House just wishes that they had never had to address these stories at all, but it's…",2018-03-24 00:25:06+00:00,0.0772,0.051,0.0,0.949,54
254,CNN,"Using cell phones, six Parkland survivors chronicled their lives in the weeks after the shooting. Their stories ton… https://t.co/af1llgPsQh",2018-03-24 00:21:15+00:00,0.0,0.0,0.0,1.0,55
255,CNN,"Chef José Andrés' ThinkFoodGroup and various DC restaurants started Food for Our Lives, a collaboration of business… https://t.co/p41ysZ5913",2018-03-24 00:13:10+00:00,0.0,0.0,0.0,1.0,56
256,CNN,Cambridge Analytica says it's commissioning a third-party audit to prove that it deleted the trove of data about Fa… https://t.co/Oo9xRKkALD,2018-03-24 00:03:11+00:00,0.0,0.0,0.0,1.0,57
257,CNN,"Melania Trump rides solo to Air Force One, again https://t.co/xI0z6fJVKe https://t.co/uEjjLIsJJe",2018-03-23 23:53:04+00:00,0.0,0.0,0.0,1.0,58
258,CNN,"RT @CNNMoney: Pando founder Sarah Lacy unpacks Facebook's ""crisis of confidence"" in this week's @ReliableSources podcast with CNN's @brians…",2018-03-23 23:49:09+00:00,-0.2023,0.135,0.168,0.697,59
259,CNN,"John Bolton, President Trump's pick to be the next national security adviser, has a decade-long history of associat… https://t.co/GsqLWaQega",2018-03-23 23:46:51+00:00,0.34,0.124,0.0,0.876,60
260,CNN,"RT @CNNnewsroom: ""People are listening. People are hearing us, and we feel like we've been yelling from the bottom of a barrel for almost t…",2018-03-23 23:39:30+00:00,0.3612,0.098,0.0,0.902,61
261,CNN,"A liver transplant saves one teen, but his identical twin dies https://t.co/sqDNBovbt9 https://t.co/SFUOlXfpS2",2018-03-23 23:38:15+00:00,0.0,0.0,0.0,1.0,62
262,CNN,"“I just know that I have to go back to continue to learn and work, even when our politicians won’t.” David Hogg and… https://t.co/0BkIPTNbJ5",2018-03-23 23:29:47+00:00,0.0,0.0,0.0,1.0,63
263,CNN,Four things we learned about Mario Cuomo from Chris Cuomo https://t.co/X9biaNDUhO #AxeFiles https://t.co/CAyAHDxiUg,2018-03-23 23:25:46+00:00,0.0,0.0,0.0,1.0,64
264,CNN,911 calls capture the confusion when a false missile alert went out in Hawaii https://t.co/SPYmWPOPQg https://t.co/tOHRp353j4,2018-03-23 23:21:00+00:00,0.0,0.126,0.126,0.747,65
265,CNN,"Taylor Swift voiced her support for Saturday's ""March for Our Lives"" in an Instagram post and said that she made a… https://t.co/rUq4HPJvrg",2018-03-23 23:10:59+00:00,0.5423,0.184,0.0,0.816,66
266,CNN,"Many of the Democrats who've been urging stricter gun control legislation will join throngs of students for the ""Ma… https://t.co/mxQjFKdFSy",2018-03-23 23:02:13+00:00,-0.0516,0.097,0.106,0.796,67
267,CNN,"China may target American cherries, pistachios, sparkling wine and more than 120 other US goods with tariffs to ret… https://t.co/vg46Qs8uzw",2018-03-23 22:51:03+00:00,0.296,0.104,0.0,0.896,68
268,CNN,“Change is happening. I can see it on the horizon.” Alex Wind and fellow Parkland survivors share exclusive video d… https://t.co/hQwUCCj8YG,2018-03-23 22:41:07+00:00,0.4019,0.171,0.0,0.829,69
269,CNN,"An Iowa family vacationing in Mexico was found dead inside their condominium, according to police… https://t.co/kE8QRiquuX",2018-03-23 22:31:06+00:00,-0.6486,0.0,0.223,0.777,70
270,CNN,NFL star Michael Bennett was indicted in Houston on a charge of injury to the elderly in connection with an inciden… https://t.co/4MIuPMiP6H,2018-03-23 22:26:06+00:00,-0.4215,0.0,0.123,0.877,71
271,CNN,First lady Melania Trump made public remarks at the State Department's International Women of Courage award ceremon… https://t.co/RzjFpXXh33,2018-03-23 22:21:03+00:00,0.7717,0.295,0.0,0.705,72
272,CNN,A Tennessee man who was wrongfully imprisoned for 31 years and initially given $75 to start over has been awarded $… https://t.co/gnUXYLvD98,2018-03-23 22:21:01+00:00,-0.0772,0.109,0.121,0.769,73
273,CNN,RT @AC360: “Change is happening. I can see it on the horizon.” Alex Wind and fellow Parkland survivors share exclusive video diaries with C…,2018-03-23 22:11:33+00:00,0.4019,0.15,0.0,0.85,74
274,CNN,"""Contrary to the NRA's current narrative, the path to sensible gun reform isn't a slippery slope, it's simply uncha… https://t.co/ueTcSlJS7s",2018-03-23 22:11:04+00:00,-0.34,0.0,0.118,0.882,75
275,CNN,Former President Jimmy Carter has been briefed by the White House on the situation in North Korea… https://t.co/hbuozgfGDB,2018-03-23 22:01:06+00:00,0.0,0.0,0.0,1.0,76
276,CNN,The real reasons Congress can't act on guns or immigration https://t.co/Zvna0DntVv https://t.co/LubyPW3xvN,2018-03-23 21:52:56+00:00,0.0,0.0,0.0,1.0,77
277,CNN,"“To us, this is not a partisan issue. It’s an issue of life or death,” says Alex Wind, a Parkland school shooting s… https://t.co/K0tPyzHKb1",2018-03-23 21:35:49+00:00,0.0,0.0,0.0,1.0,78
278,CNN,A man has been arrested for allegedly threatening to assault and murder a congressman from Virginia… https://t.co/2zCfq5BD0E,2018-03-23 21:20:07+00:00,-0.9432,0.0,0.577,0.423,79
279,CNN,"Why you'll see a lot of ""evil eye"" gloves at the March For Our Lives https://t.co/WtpZqb9zQE https://t.co/AyNUF33YIp",2018-03-23 21:01:07+00:00,-0.6597,0.0,0.227,0.773,80
280,CNN,"Parents of young children have reason to be watchful as the flu season ends. B strains, which can be more severe fo… https://t.co/JWXazt7zNl",2018-03-23 20:50:08+00:00,-0.7713,0.0,0.288,0.712,81
281,CNN,Drew Barrymore shows she's sorry for dissing Jake Gyllenhaal with a literal sign of affection… https://t.co/USc2fh5gfb,2018-03-23 20:40:05+00:00,-0.0772,0.0,0.085,0.915,82
282,CNN,Bank of America Merrill Lynch doctored paperwork on 16 million orders to fool institutional clients into thinking s… https://t.co/OYh6bq5U5e,2018-03-23 20:30:12+00:00,-0.4404,0.0,0.139,0.861,83
283,CNN,Thousands of people marched in cities across Poland in demonstrations against plans to tighten the country's alread… https://t.co/7xfT5h1KC8,2018-03-23 20:20:09+00:00,0.0,0.0,0.0,1.0,84
284,CNN,"RT @AC360: “I feel worried, I feel angry.” Parkland survivors share exclusive video diaries with CNN. Their stories tonight, 9p ET on @CNN…",2018-03-23 20:10:38+00:00,0.128,0.149,0.088,0.763,85
285,CNN,The Chinese ambassador to the United States would not rule out his nation scaling back the purchase of US governmen… https://t.co/hWrJhLtgkZ,2018-03-23 20:10:04+00:00,0.4215,0.123,0.0,0.877,86
286,CNN,RT @CNNMoney: Trade war fears sink stocks again: Dow closes down more than 400 points at lowest point since November. https://t.co/A9OlUXl3…,2018-03-23 20:07:50+00:00,-0.8519,0.0,0.341,0.659,87
287,CNN,Apple is proposing 13 new emojis in an effort to better represent people with disabilities https://t.co/2RiAQPzhIt https://t.co/zp4lrF9v3O,2018-03-23 20:03:33+00:00,0.4404,0.153,0.0,0.847,88
288,CNN,"At least 13 people were killed and 35 others were injured Friday night in a car bombing in southern Afghanistan, a… https://t.co/8EZYFIRuUW",2018-03-23 19:50:35+00:00,-0.802,0.0,0.275,0.725,89
289,CNN,"""China is not afraid of and will not recoil from a trade war,"" China's embassy in Washington said in a statement… https://t.co/lTQZIyYykI",2018-03-23 19:42:28+00:00,0.0,0.0,0.0,1.0,90
290,CNN,Some student loan borrowers will get another chance to qualify for the Public Service Loan Forgiveness program… https://t.co/0Y6bgk27QX,2018-03-23 19:30:13+00:00,0.4767,0.204,0.0,0.796,91
291,CNN,A timeline of DACA offers President Trump has rejected https://t.co/r3lYvNaM8H https://t.co/TKd8VSvjEr,2018-03-23 19:30:09+00:00,-0.5106,0.0,0.268,0.732,92
292,CNN,"A new chemical analysis of animal bones suggests that the Maya in the city of Ceibal kept big cats in captivity, an… https://t.co/R65QDFdpAP",2018-03-23 19:20:06+00:00,0.0,0.0,0.0,1.0,93
293,CNN,"Dr. Ronny Jackson, the presidential physician who has served under three presidents, has been nominated for a promo… https://t.co/TkS68sf6Mb",2018-03-23 19:10:06+00:00,0.0,0.0,0.0,1.0,94
294,CNN,A former cancer patient is now a doctor at the hospital that helped her survive https://t.co/K0Lmowc4PM https://t.co/EymrGr1EDT,2018-03-23 19:00:09+00:00,-0.6597,0.0,0.239,0.761,95
295,CNN,"All around the US, Lyft is offering free rides to protestors who will participate in the March for Our Lives this w… https://t.co/iiZhgPHkqG",2018-03-23 18:50:02+00:00,0.5106,0.13,0.0,0.87,96
296,CNN,Veteran Washington attorney Joseph diGenova’s role as part of President Donald Trump’s legal team is still in quest… https://t.co/McCu9Y9S2f,2018-03-23 18:45:11+00:00,0.128,0.077,0.0,0.923,97
297,CNN,George Clooney praises Parkland survivors in open letter ahead of March for Our Lives https://t.co/TuF7QXqvU5 https://t.co/TnaWh1jlVB,2018-03-23 18:40:05+00:00,0.5267,0.185,0.0,0.815,98
298,CNN,Elon Musk just nonchalantly erased Tesla and SpaceX from Facebook https://t.co/EKDgqGlIS9 https://t.co/VsQgPpjELv,2018-03-23 18:30:20+00:00,0.0,0.0,0.0,1.0,99
299,CNN,"The man shot and killed by Sacramento police was turning his life around, his brother says.

Stephon Clark was shot… https://t.co/S5ib13fTFJ",2018-03-23 18:20:06+00:00,-0.6705,0.0,0.184,0.816,100
300,Fox News,"On Friday, @NancyPelosi released a statement after President #Trump issued an order to ban transgender troops from… https://t.co/vSskPq82XL",2018-03-24 07:53:00+00:00,-0.5574,0.0,0.184,0.816,1
301,Fox News,"""We were just at the right place at the right time. We went back to work and kept answering calls.""… https://t.co/DExDEIqc0r",2018-03-24 07:45:00+00:00,0.0,0.0,0.0,1.0,2
302,Fox News,".@POTUS: ""As a matter of national security I've signed this omnibus budget bill. There are a lot of things that I'm… https://t.co/tKCgh14ZE4",2018-03-24 07:32:00+00:00,0.3612,0.163,0.0,0.837,3
303,Fox News,"Secretary Mattis: ""In 1790, in George Washington's first annual address to Congress he stated: To be prepared for w… https://t.co/o1KGdojdqD",2018-03-24 07:15:00+00:00,0.2263,0.091,0.0,0.909,4
304,Fox News,".@PeteHegseth: ""If you want peace, your enemies have to believe that you're willing to wage war."" #Outnumbered https://t.co/nz0LXoAWBh",2018-03-24 07:05:00+00:00,0.1531,0.209,0.139,0.652,5
305,Fox News,".@KellyannePolls: ""You can show a great distinction b/w the left's view of foreign policy &amp; national security &amp; ter… https://t.co/toay10NIaD",2018-03-24 07:00:01+00:00,0.7579,0.277,0.0,0.723,6
306,Fox News,.@seanspicer: “[The media] can’t cover [@POTUS’] accomplishments because it’s against everything that they believe.… https://t.co/YogaP1Wllf,2018-03-24 06:45:00+00:00,0.0,0.0,0.0,1.0,7
307,Fox News,".@POTUS: ""We'll have by far the most powerful nuclear force on earth... Hopefully - praise be to God - we don't eve… https://t.co/SgReib4i3D",2018-03-24 06:34:00+00:00,0.8883,0.403,0.0,0.597,8
308,Fox News,"Yesterday at a press availability at The @WhiteHouse, President @realDonaldTrump directly addressed DACA recipients… https://t.co/m7Ch0pZVbX",2018-03-24 06:18:00+00:00,0.0,0.0,0.0,1.0,9
309,Fox News,".@RepChrisStewart: ""Why in the world are we going to push DACA down the road, down the road, down the road and not… https://t.co/WDfKGakMVU",2018-03-24 06:14:00+00:00,0.0,0.0,0.0,1.0,10
310,Fox News,"Former Georgia Governor and U.S. Sen. Zell Miller, who famously crossed party lines when he was a Democrat to endor… https://t.co/kvvquqxTNG",2018-03-24 06:00:00+00:00,0.4019,0.124,0.0,0.876,11
311,Fox News,Marine Corps adopts new puppy mascot: 'He's a great puppy and new recruit' https://t.co/S7j3gyeurs,2018-03-24 05:52:00+00:00,0.7003,0.345,0.0,0.655,12
312,Fox News,".@TaxFighterSteel: ""We have to overturn this bad law in California... This law is unconstitutional.""… https://t.co/cLI10gJUcO",2018-03-24 05:45:00+00:00,-0.628,0.0,0.228,0.772,13
313,Fox News,".@mikepillsbury: ""I've known John Bolton since 1981. He's quite the insider."" https://t.co/UMPz2BK0Eo",2018-03-24 05:34:00+00:00,0.0,0.0,0.0,1.0,14
314,Fox News,".@LindseyGrahamSC: ""The only reason Kim Jong Un is meeting with President Trump - Trump has convinced the Chinese a… https://t.co/FX1ziMb3uh",2018-03-24 05:31:00+00:00,0.4019,0.13,0.0,0.87,15
315,Fox News,".@mzhemingway: ""Not all students are going to say that the answer to a mass shooting is restrictive gun control mea… https://t.co/qRnrJOhr8l",2018-03-24 05:15:00+00:00,-0.34,0.0,0.112,0.888,16
316,Fox News,"Actor George Clooney penned a letter to the students of Marjory Stoneman Douglas High School, telling them he was p… https://t.co/8oPxYGcP1X",2018-03-24 05:00:00+00:00,0.0,0.0,0.0,1.0,17
317,Fox News,.@ksorbs claims he was nixed from #ThunderCon over conservative political views https://t.co/ZK7VrazWhd https://t.co/CG5d52ugnM,2018-03-24 04:35:00+00:00,0.0,0.0,0.0,1.0,18
318,Fox News,'March for Our Lives' gun control rally to draw thousands across US: Everything you need to know https://t.co/QRKhLSJf83,2018-03-24 04:15:00+00:00,-0.34,0.0,0.124,0.876,19
319,Fox News,".@therealroseanne: Reboot will tackle healthcare, opioids and different cultures https://t.co/BzX6yTeYve https://t.co/r9HJSwc6yr",2018-03-24 04:00:01+00:00,0.0,0.0,0.0,1.0,20
320,Fox News,".@KyleKashuv, Marjory Stoneman Douglas student: “We met with Democrats and Republicans alike, and we made sure that… https://t.co/AdDpEee5RL",2018-03-24 03:55:16+00:00,0.3182,0.119,0.0,0.881,21
321,Fox News,"Ex-CIA chief John Brennan’s ‘unhinged,’ partisan attacks on #Trump raise eyebrows https://t.co/JCZhfXHZ6b",2018-03-24 03:40:39+00:00,-0.4404,0.0,0.209,0.791,22
322,Fox News,"On Friday, @NancyPelosi released a statement after President #Trump issued an order to ban transgender troops from… https://t.co/GZosfNSRHR",2018-03-24 03:25:15+00:00,-0.5574,0.0,0.184,0.816,23
323,Fox News,".@jasoninthehouse: “As a fiscal hawk, I could never have voted for that thing; it was an atrocity.” @foxnewsnight https://t.co/8XuCVwcLPS",2018-03-24 03:17:35+00:00,0.0,0.0,0.0,1.0,24
324,Fox News,Mister Rogers depicted on new honorary postage stamp https://t.co/sNYHEODgWf,2018-03-24 03:07:03+00:00,0.34,0.231,0.0,0.769,25
325,Fox News,"World War II veteran, 98, presented with French Legion of Honor https://t.co/aer96zUUrK",2018-03-24 02:52:46+00:00,-0.1779,0.187,0.228,0.585,26
326,Fox News,".@united gives passenger $10,000 travel credit to give up her seat https://t.co/srhWJzmuz6",2018-03-24 02:47:13+00:00,0.3818,0.191,0.0,0.809,27
327,Fox News,Ruth Bader Ginsburg rules that hot dogs are sandwiches https://t.co/yBjDkpcSlL,2018-03-24 02:43:39+00:00,0.0,0.0,0.0,1.0,28
328,Fox News,Tennessee public schools might be required to display 'In God We Trust' motto for all to see https://t.co/pLeW61HmBQ,2018-03-24 02:36:25+00:00,0.6597,0.252,0.0,0.748,29
329,Fox News,"OPINION: Big Brother #Facebook helped get @BarackObama reelected, now they’re doing damage control https://t.co/wGbzBpg7Bx",2018-03-24 02:32:29+00:00,-0.4939,0.0,0.198,0.802,30
330,Fox News,.@marcthiessen: Stormy Daniels lawsuit -- Why conservative Christians are still sticking with Trump https://t.co/XKpXo3mgfk,2018-03-24 02:28:55+00:00,-0.2263,0.0,0.128,0.872,31
331,Fox News,"Brandon Judd on Dem study on border protection: ""It makes me sick knowing that the taxpayers funded a report that i… https://t.co/gxtn0p2xvS",2018-03-24 02:27:36+00:00,-0.5106,0.0,0.142,0.858,32
332,Fox News,".@RepDaveBrat on spending bill: ""You can do the military and get the Goodlatte bill in...we failed on the premiere… https://t.co/xnyuW1i9f7",2018-03-24 02:20:33+00:00,-0.5106,0.0,0.148,0.852,33
333,Fox News,"Attorney General Jeff Sessions: Trump, DOJ taking steps to make Americans safer after school shootings https://t.co/DS6YTcDEzu",2018-03-24 02:14:56+00:00,0.4215,0.157,0.0,0.843,34
334,Fox News,Virginia man arrested for reportedly threatening to shoot congressman and staffers https://t.co/h4FvR3hpHR,2018-03-24 02:05:24+00:00,-0.836,0.0,0.497,0.503,35
335,Fox News,.@AriFleischer on @POTUS’ picking @AmbJohnBolton as next national security adviser: “I love to hear the Democrats t… https://t.co/9ZyfBsH9ZN,2018-03-24 01:58:58+00:00,0.765,0.292,0.0,0.708,36
336,Fox News,".@KyleKashuv: ""I don't know why I wasn't chosen - maybe because I don't fall into the category of gun control, of b… https://t.co/tV8b9oGtKi",2018-03-24 01:53:40+00:00,-0.34,0.0,0.112,0.888,37
337,Fox News,BREAKING: President #Trump issues order to ban transgender troops from service except in `limited circumstances' https://t.co/I5ZIkBcNHu,2018-03-24 01:41:08+00:00,-0.5574,0.0,0.194,0.806,38
338,Fox News,.@seanspicer: “[The media] can’t cover [@POTUS’] accomplishments because it’s against everything that they believe.… https://t.co/eBZgs3BR0M,2018-03-24 01:28:59+00:00,0.0,0.0,0.0,1.0,39
339,Fox News,.@USMC Marine's 2-year-old brother takes his place in girlfriend's prom photos https://t.co/BBmfPxqCgj,2018-03-24 01:14:59+00:00,0.0,0.0,0.0,1.0,40
340,Fox News,"In a new op-ed, former FBI Deputy Director Andrew McCabe called out President @realDonaldTrump's administration for… https://t.co/UjCjCwstLO",2018-03-24 01:11:43+00:00,0.0,0.0,0.0,1.0,41
341,Fox News,"Great Pacific Garbage Patch, floating 'island' of trash in ocean, is now twice the size of Texas https://t.co/RxqkBJyXJi",2018-03-24 01:03:15+00:00,0.6249,0.194,0.0,0.806,42
342,Fox News,"Help @NASA study 'Steve,' a newfound aurora type https://t.co/YV5YlegHwz",2018-03-24 00:55:19+00:00,0.4019,0.278,0.0,0.722,43
343,Fox News,"A candlelight vigil is held for the victims of the serial bombings in Austin, Texas. https://t.co/7E2TuwJzqA (Court… https://t.co/dFMKMdTJxn",2018-03-24 00:51:05+00:00,-0.3182,0.0,0.126,0.874,44
344,Fox News,".@ChrisStirewalt: Budget 'Chaos' Has Become the Norm for the Past Decade
 https://t.co/X8WXyNRSzU",2018-03-24 00:43:23+00:00,0.0,0.0,0.0,1.0,45
345,Fox News,What are bump stocks? How they work and why @realDonaldTrump wants them banned https://t.co/k7WdeXVWHe,2018-03-24 00:39:57+00:00,-0.4588,0.0,0.188,0.812,46
346,Fox News,".@TuckerCarlson: ""We're told we need this bill because of national security. But how secure is a nation that has no… https://t.co/iZN9HvUMgI",2018-03-24 00:38:10+00:00,0.5859,0.211,0.0,0.789,47
347,Fox News,"RT @FoxNewsResearch: Mar 17-23
-Week in Numb3rs
•4/9: McMaster's departure date
•5: Package bombs exploded in Austin &amp; Schertz, TX over 19…",2018-03-24 00:24:00+00:00,0.4995,0.133,0.0,0.867,48
348,Fox News,'Republicans Are Supposed to Be the Party of Restraint': Hurt Says Spending Bill Could Hurt GOP in Midterms https://t.co/6hG732buAC,2018-03-24 00:20:45+00:00,-0.6249,0.106,0.267,0.627,49
349,Fox News,Stormy Daniels' lawyer fires 'warning shot' with mysterious DVD he says 'contains evidence' https://t.co/dPP4OaBQgH,2018-03-24 00:09:32+00:00,-0.34,0.0,0.156,0.844,50
350,Fox News,.@JaniceDean on living with multiple sclerosis: “It is literally one of those things where I wake up in the morning… https://t.co/kYNUS0DH2F,2018-03-24 00:02:59+00:00,0.0,0.0,0.0,1.0,51
351,Fox News,"Fox News Meteorologist @JaniceDean shared her struggle with multiple sclerosis, and offered encouragement for those… https://t.co/lw1KQmJgRN",2018-03-23 23:54:42+00:00,0.4404,0.254,0.112,0.634,52
352,Fox News,.@therealroseanne advises Jimmy Kimmel to 'zip that f---ing lip' about #Trump https://t.co/XSsIULEWP6,2018-03-23 23:51:48+00:00,0.0,0.0,0.0,1.0,53
353,Fox News,Kansas water park and ex-exec facing 'involuntary manslaughter' charge over boy's decapitation https://t.co/oVJwhlgBd6,2018-03-23 23:41:06+00:00,0.0,0.0,0.0,1.0,54
354,Fox News,What are bump stocks? How they work and why Trump wants them banned https://t.co/E86tlG9Y17,2018-03-23 23:29:16+00:00,-0.4588,0.0,0.188,0.812,55
355,Fox News,.@CLewandowski_: “Why haven’t we been able to keep the government open for a multi-year period? This is astonishing… https://t.co/cz3oCkED12,2018-03-23 23:23:09+00:00,0.0,0.0,0.0,1.0,56
356,Fox News,Andrew McCabe speaks out in scathing new editorial; Catherine Herridge reports. https://t.co/RI3YH2ul9s,2018-03-23 23:14:56+00:00,0.0,0.0,0.0,1.0,57
357,Fox News,.@POTUS arrives in Florida. https://t.co/Y51qSggSpa,2018-03-23 23:13:07+00:00,0.0,0.0,0.0,1.0,58
358,Fox News,Washington National Cathedral holds an interfaith prayer vigil ahead of Saturday's #MarchForOurLives rally.… https://t.co/BQYUP22BqK,2018-03-23 23:07:14+00:00,0.0,0.0,0.0,1.0,59
359,Fox News,".@LeslieMarshall on China tariffs: ""We have had this trade deficit, we've had job loss...@POTUS said he was going t… https://t.co/eSxSFYvQFT",2018-03-23 23:01:04+00:00,-0.4019,0.0,0.124,0.876,60
360,Fox News,"Charles Hurt on China tariffs: ""In the 18 years since @BillClinton normalized trade relations with China, president… https://t.co/ZO8uoBk4Mt",2018-03-23 22:57:21+00:00,-0.5267,0.0,0.167,0.833,61
361,Fox News,"Charles Hurt on spending bill: ""Come November, if we're looking at a complete wipe out of Republican seats, I think… https://t.co/1wP1rpskoh",2018-03-23 22:50:58+00:00,-0.5267,0.0,0.159,0.841,62
362,Fox News,Mister Rogers depicted on new honorary postage stamp https://t.co/y0A26BxuhJ,2018-03-23 22:47:14+00:00,0.34,0.231,0.0,0.769,63
363,Fox News,".@KyleKashuv on @TIME cover: ""I don't know why I wasn't chosen - maybe because I don't fall into the category of gu… https://t.co/BGRmHDL1uL",2018-03-23 22:37:24+00:00,0.0,0.0,0.0,1.0,64
364,Fox News,Peru names ambassador to Canada its new president after leader exits under corruption cloud https://t.co/9XwXalv96E,2018-03-23 22:28:51+00:00,0.0,0.0,0.0,1.0,65
365,Fox News,.@GovMikeHuckabee: 'Street Fighters' DiGenova &amp; Toensing Are Strong Addition to Trump's Legal Team https://t.co/wuNklG8ZLf,2018-03-23 22:24:39+00:00,0.5574,0.282,0.071,0.647,66
366,Fox News,"Python wraps around snake charmer's neck, nearly strangles him to death as crowd watches in horror https://t.co/DYHp4anQwd",2018-03-23 22:21:12+00:00,-0.8225,0.0,0.336,0.664,67
367,Fox News,".@POTUS signs $1.3 trillion spending bill, despite earlier threat to veto. @johnrobertsFox has the story.… https://t.co/GSjTRaXJVY",2018-03-23 22:12:41+00:00,0.4168,0.156,0.0,0.844,68
368,Fox News,Wall Street suffers following announcements about tariffs on imports from China. #SpecialReport… https://t.co/8BYfYje1tP,2018-03-23 22:09:01+00:00,-0.4767,0.0,0.205,0.795,69
369,Fox News,".@LisaMarieBoothe brought her dog, Bella, onto #TheFive today in celebration of #NationalPuppyDay https://t.co/DreD7EDsCW",2018-03-23 22:05:26+00:00,0.0,0.0,0.0,1.0,70
370,Fox News,.@JesseBWatters Slams Spending Bill: 'Mexico's Not Going to Pay for the Wall &amp; Neither Are We' https://t.co/i5VUJaz8Jv,2018-03-23 22:01:31+00:00,-0.1027,0.0,0.08,0.92,71
371,Fox News,"#Trump administration bans bump stocks, 'all devices' that turn 'legal' weapons into machine guns https://t.co/YJ3yUSMzaf",2018-03-23 21:48:38+00:00,-0.4404,0.0,0.172,0.828,72
372,Fox News,Pakistani program offers rehab for radicals https://t.co/ERVdcGKDv7,2018-03-23 21:34:24+00:00,0.0,0.0,0.0,1.0,73
373,Fox News,More veterans seek Trump's pardon for combat-zone convictions https://t.co/hCuRwRMOAW,2018-03-23 21:34:21+00:00,0.3182,0.223,0.0,0.777,74
374,Fox News,".@JesseBWatters on lack of border wall funding: ""This was a huge defeat for [@POTUS] on a signature issue. It's rea… https://t.co/qOfDElz0yF",2018-03-23 21:21:23+00:00,-0.4588,0.097,0.225,0.678,75
375,Fox News,"Moments ago, President @realDonaldTrump tweeted that the @TheJusticeDept ""will issue the rule banning bump stocks."" https://t.co/cbjaMtKccH",2018-03-23 21:19:40+00:00,0.0,0.0,0.0,1.0,76
376,Fox News,RT @FoxBusiness: NFL’s Patriots fly Parkland students on team plane to DC for #MarchForOurLives https://t.co/NsE4BbYnfA,2018-03-23 21:12:24+00:00,0.0,0.0,0.0,1.0,77
377,Fox News,".@GeraldoRivera: ""Words are cheap...and this spending bill is expensive."" #TheFive  https://t.co/RuwOuaUBTw https://t.co/BpgqHut4Rv",2018-03-23 21:11:55+00:00,0.0,0.0,0.0,1.0,78
378,Fox News,".@RepKevinBrady: ""We should be looking every day at how we make our tax code more family friendly, more pro-growth,… https://t.co/6MVT7Q376u",2018-03-23 21:06:31+00:00,0.539,0.155,0.0,0.845,79
379,Fox News,"Rafael Espinal: ""We have to make sure that our employees are not overworked, that they have the opportunities that… https://t.co/Gb68eVZUzT",2018-03-23 20:57:35+00:00,0.5994,0.214,0.0,0.786,80
380,Fox News,".@RepKevinBrady: ""I think [@POTUS'] frustration is the same as ours which is, I think, this whole budget spending p… https://t.co/PyYhFJcyZm",2018-03-23 20:53:15+00:00,-0.4767,0.0,0.147,0.853,81
381,Fox News,Palm trees in Canada? It could happen in 'decades' https://t.co/UfId0NZ7sE,2018-03-23 20:49:43+00:00,0.0,0.0,0.0,1.0,82
382,Fox News,"NYC firefighter killed in on-set blaze, 'Deadpool 2' stunt driver's death and other tragedies while filming https://t.co/Flrbzs03rb",2018-03-23 20:44:09+00:00,-0.9062,0.0,0.447,0.553,83
383,Fox News,Marine Corps adopts new puppy mascot: 'He's a great puppy and new recruit' https://t.co/S7j3gxWT2S,2018-03-23 20:29:00+00:00,0.7003,0.345,0.0,0.655,84
384,Fox News,How hackers could turn a 'smart city' into a house of cards https://t.co/YRLCwZnr98,2018-03-23 20:23:00+00:00,0.4019,0.213,0.0,0.787,85
385,Fox News,RT @FoxBusiness: #BreakingNews: The Dow Jones Industrial Average tumbles 425 points as China trade jitters persist. https://t.co/9fobUXyNbv…,2018-03-23 20:16:03+00:00,0.0,0.0,0.0,1.0,86
386,Fox News,OPINION: ObamaCare's 8th birthday is an unhappy one for all Americans https://t.co/b4RCd0n2IT,2018-03-23 20:02:34+00:00,-0.4215,0.0,0.203,0.797,87
387,Fox News,"Elon Musk yanks @SpaceX
and @Tesla's Facebook pages https://t.co/MhgfKpRz8l",2018-03-23 19:53:02+00:00,0.0,0.0,0.0,1.0,88
388,Fox News,Pennsylvania school wants to arm students with rocks to protect them against active shooters https://t.co/BjuptCNttE,2018-03-23 19:41:13+00:00,0.6486,0.29,0.0,0.71,89
389,Fox News,Austin bombing probe prompts calls to permanently hire police chief https://t.co/odaiOcRdZv,2018-03-23 19:27:50+00:00,0.0,0.0,0.0,1.0,90
390,Fox News,.@POTUS: Democrats 'Fought Every Single Inch of the Way' on DACA https://t.co/Lt8KTsUaID,2018-03-23 19:12:54+00:00,-0.3182,0.0,0.173,0.827,91
391,Fox News,Roseanne Barr advises Jimmy Kimmel to 'zip that f---ing lip' about #Trump https://t.co/udQU6FEBog,2018-03-23 19:02:35+00:00,0.0,0.0,0.0,1.0,92
392,Fox News,"Chris Swecker: ""The Clinton email investigation really was not a credible investigation."" @dailybriefing… https://t.co/4F8giu7Sp4",2018-03-23 18:58:06+00:00,0.0,0.0,0.0,1.0,93
393,Fox News,".@ChrisStirewalt on spending bill negotiation: ""You know who never gets a vote? My kids and their kids and the kids… https://t.co/gmqpqWFMb6",2018-03-23 18:49:53+00:00,0.0,0.0,0.0,1.0,94
394,Fox News,American family of four who went missing in Mexico found dead in condo https://t.co/LyEg0HPDZh,2018-03-23 18:42:29+00:00,-0.7579,0.0,0.351,0.649,95
395,Fox News,"RT @EricShawnTV: 3 weeks ago, #TaylorForce's family &amp; #WestPoint classmates went door to door on Capitol Hill, asking #Senators to back #Ta…",2018-03-23 18:41:14+00:00,0.0,0.0,0.0,1.0,96
396,Fox News,".@RepChrisStewart: ""Why in the world are we going to push DACA down the road, down the road, down the road and not… https://t.co/qgqSSIwUPG",2018-03-23 18:33:00+00:00,0.0,0.0,0.0,1.0,97
397,Fox News,.@ksorbs claims he was nixed from #ThunderCon over conservative political views https://t.co/ZK7VrazWhd https://t.co/bnwmoDFELm,2018-03-23 18:24:00+00:00,0.0,0.0,0.0,1.0,98
398,Fox News,"RT @FoxBusiness: .@elonmusk joins #deletefacebook boycott, removes SpaceX and Tesla pages from site https://t.co/Y6tmgu65hC",2018-03-23 18:23:09+00:00,-0.3182,0.0,0.15,0.85,99
399,Fox News,".@POTUS: ""We'll have by far the most powerful nuclear force on earth... Hopefully - praise be to God - we don't eve… https://t.co/nnRcvwf7Yp",2018-03-23 18:18:00+00:00,0.8883,0.403,0.0,0.597,100
400,The New York Times,"Elon Musk joined #DeleteFacebook by deleting the Facebook pages of 2 of his companies, Tesla and SpaceX https://t.co/8Ov0d54NOp",2018-03-24 07:37:18+00:00,0.0,0.0,0.0,1.0,1
401,The New York Times,"After we published an article on tipping and the power imbalance it creates between customers and servers, readers… https://t.co/IbetHxWisV",2018-03-24 07:18:26+00:00,0.2732,0.104,0.0,0.896,2
402,The New York Times,"RT @nytimesworld: He is routinely, if perhaps hyperbolically, compared to Napoleon Bonaparte or Louis XIV in the French press https://t.co/…",2018-03-24 07:02:01+00:00,0.0,0.0,0.0,1.0,3
403,The New York Times,11 Great Titles Expiring From Netflix in April https://t.co/NHt0VhRzfG,2018-03-24 06:45:11+00:00,0.6249,0.339,0.0,0.661,4
404,The New York Times,Citigroup will not do business with companies that allow certain kinds of gun sales. It is the first Wall Street ba… https://t.co/zRQ8m6XOL5,2018-03-24 06:28:01+00:00,0.1531,0.157,0.094,0.748,5
405,The New York Times,"A century before the dawn of the computer age, 27-year-old Ada Lovelace wrote the first computer program https://t.co/cNIy9nIELA",2018-03-24 06:08:45+00:00,0.0,0.0,0.0,1.0,6
406,The New York Times,"Many counties, including rich ones, are aging and experiencing more deaths than births, without growth through immi… https://t.co/7Dj0qYsWHK",2018-03-24 05:49:35+00:00,0.3434,0.165,0.1,0.734,7
407,The New York Times,"RT @KirkSemple: Landon Donovan, chief American provocateur in the bitter U.S.-Mexican soccer rivalry, emerges from a second retirement and,…",2018-03-24 05:32:05+00:00,-0.4215,0.0,0.141,0.859,8
408,The New York Times,A geneticist at Harvard Medical School has retrieved DNA from more than 900 ancient people. His findings trace the… https://t.co/aHfcYwPx3T,2018-03-24 05:12:13+00:00,0.0,0.0,0.0,1.0,9
409,The New York Times,"Facebook's CEO Mark Zuckerberg spoke with our reporters about data privacy of users, Cambridge Analytica and the co… https://t.co/M8cy86bHo8",2018-03-24 04:55:49+00:00,0.0,0.0,0.0,1.0,10
410,The New York Times,"President Trump approved new limits on transgender troops, but will let the Pentagon make exceptions
https://t.co/Omero7pq04",2018-03-24 04:53:26+00:00,0.2263,0.112,0.0,0.888,11
411,The New York Times,Trump Approves New Limits on Transgender Troops in the Military https://t.co/QbU2NftGFW,2018-03-24 04:39:15+00:00,0.4019,0.213,0.0,0.787,12
412,The New York Times,RT @nytopinion: In 2005 the Republican controlled Senate Foreign Relations Committee rejected John Bolton as President Bush's U.N. ambassad…,2018-03-24 04:21:01+00:00,-0.5106,0.0,0.155,0.845,13
413,The New York Times,Why did this man kayak across the Atlantic Ocean 3 times? https://t.co/AVNoLa9s9U,2018-03-24 04:02:03+00:00,0.0,0.0,0.0,1.0,14
414,The New York Times,How the Left and the Right Reacted to John Bolton as National Security Adviser https://t.co/1vMikv1PJa,2018-03-24 03:57:56+00:00,0.34,0.146,0.0,0.854,15
415,The New York Times,"RT @nytclimate: The loss of sea ice is a bellwether of global warming, suggesting that climate change is not just something to worry about…",2018-03-24 03:47:03+00:00,-0.5574,0.06,0.194,0.746,16
416,The New York Times,Elon Musk Joins #DeleteFacebook With a Barrage of Tweets https://t.co/au3PLZQyTw,2018-03-24 03:43:42+00:00,0.0,0.0,0.0,1.0,17
417,The New York Times,Vietnam '67: The Tragedy of Hubert Humphrey https://t.co/iZCCJ16XAc,2018-03-24 03:34:16+00:00,-0.6597,0.0,0.386,0.614,18
418,The New York Times,"Math “constitutes the language through which alone we can adequately express the great facts of the natural world,”… https://t.co/83Ug5Ql4Gh",2018-03-24 03:32:02+00:00,0.6808,0.268,0.081,0.65,19
419,The New York Times,"RT @nytpolitics: In an NYT interview in 2002, John Bolton was asked about the Bush administration's stance on North Korea. He grabbed a nea…",2018-03-24 03:17:04+00:00,0.0,0.0,0.0,1.0,20
420,The New York Times,RT @NYTSports: Kansas survived a late scare from Clemson to advance to the regional final.  https://t.co/WY4CDmv5t2,2018-03-24 03:05:06+00:00,0.0258,0.169,0.164,0.667,21
421,The New York Times,"“People say, write what you know, but it’s really, write about what obsesses you.” https://t.co/C2Yv7H5h2u",2018-03-24 03:02:03+00:00,-0.3612,0.0,0.152,0.848,22
422,The New York Times,Here's how to create your own support system when you don't have a spouse or kids to fall back on https://t.co/vLckifnXWU,2018-03-24 02:47:03+00:00,0.5859,0.211,0.0,0.789,23
423,The New York Times,Can coffee rev up your workout? It may depend on your genes. https://t.co/ay3k3UI71Q,2018-03-24 02:32:02+00:00,0.0,0.0,0.0,1.0,24
424,The New York Times,"RT @julieturkewitz: “It’s going to look like millions and millions of people,” said Rebecca Schneid, 16, who is the editor of the newspaper…",2018-03-24 02:17:03+00:00,0.3612,0.102,0.0,0.898,25
425,The New York Times,"""Hamilton,"" ""Frozen"" and many Broadway shows all rehearse in one building in New York City. We take you behind the… https://t.co/DnTc9rvb48",2018-03-24 02:02:15+00:00,0.0,0.0,0.0,1.0,26
426,The New York Times,4 members of an Iowa family who traveled to Mexico for vacation were found dead in a condominium. Officials said th… https://t.co/YRRZEYdRhT,2018-03-24 01:47:04+00:00,-0.6486,0.0,0.185,0.815,27
427,The New York Times,"Modern Love: ""I knew that when you find love, you jump in, almost involuntarily. You don’t sit on the edge negotiat… https://t.co/euo96xgH1a",2018-03-24 01:32:04+00:00,0.8555,0.296,0.0,0.704,28
428,The New York Times,"RT @NYTObits: H. Wayne Huizenga, the entrepreneur who expanded Blockbuster video and AutoNation into vast enterprises and owned three South…",2018-03-24 01:17:04+00:00,0.5994,0.17,0.0,0.83,29
429,The New York Times,Evening Briefing: Here's what you need to know at the end of the day https://t.co/ixJlyCMrwZ,2018-03-24 01:02:04+00:00,0.0,0.0,0.0,1.0,30
430,The New York Times,"If we want to stop global warming, global CO2 emissions need to fall. Last year, the world moved in the opposite di… https://t.co/dFTWVWzWyO",2018-03-24 00:47:03+00:00,-0.0772,0.116,0.088,0.797,31
431,The New York Times,Over 800 protests for stricter gun laws are planned for Saturday in the U.S. and in countries around the world https://t.co/I2huudbHlb,2018-03-24 00:32:03+00:00,-0.5106,0.0,0.185,0.815,32
432,The New York Times,"RT @nytopinion: The good thing about John Bolton, President Trump’s new national security adviser, is that he says what he thinks.The bad t…",2018-03-24 00:17:02+00:00,0.2023,0.184,0.122,0.694,33
433,The New York Times,"Craigslist removed its personal ads, citing the recent passage of a bill aimed at fighting sex trafficking online https://t.co/DKMm4mmUw9",2018-03-24 00:02:04+00:00,-0.3612,0.0,0.128,0.872,34
434,The New York Times,"Season 6 of ""The Americans"" arrives on Wednesday. Here's where we left off. https://t.co/hyiJcU2MAF",2018-03-23 23:47:04+00:00,0.0,0.0,0.0,1.0,35
435,The New York Times,"In 1843, a 27-year-old Ada Lovelace imagined the modern-day, general-purpose computer. She is now recognized as the… https://t.co/w1Ei8Rf3HO",2018-03-23 23:32:02+00:00,0.0,0.0,0.0,1.0,36
436,The New York Times,RT @daiwaka: Here's an inside look at Uber's self-driving car ops in Phoenix before Sunday's fatal crash: the company moved from two people…,2018-03-23 23:17:02+00:00,-0.7351,0.0,0.228,0.772,37
437,The New York Times,"""I Kill Giants"" is an intimate story about a troubled 12-year-old who’s on a mission to save her town https://t.co/pkNXqUF0Pa",2018-03-23 23:02:04+00:00,-0.6705,0.124,0.297,0.579,38
438,The New York Times,Evening Briefing: Here's what you need to know at the end of the day https://t.co/4opSmJxhMU,2018-03-23 22:47:01+00:00,0.0,0.0,0.0,1.0,39
439,The New York Times,The U.S. and China are waging a cold war for global dominance in the tech industry. This week's tariffs duel height… https://t.co/5f4qMQCMoL,2018-03-23 22:32:06+00:00,-0.4767,0.073,0.158,0.769,40
440,The New York Times,"RT @ronlieber: Every year, I collect the best college application essays I can find about money, work, social class, wealth and/or its abse…",2018-03-23 22:17:05+00:00,0.8126,0.28,0.0,0.72,41
441,The New York Times,Internal documents show Uber’s self-driving car project wasn’t living up to expectations well before a fatal crash… https://t.co/I4O5nMqCRO,2018-03-23 22:02:03+00:00,-0.34,0.102,0.17,0.728,42
442,The New York Times,The Justice Dept. has proposed banning so-called bump stocks for guns. The move comes a day before nationwide gun c… https://t.co/JiNfNeAARl,2018-03-23 21:47:09+00:00,0.25,0.143,0.101,0.756,43
443,The New York Times,"Elon Musk joined #DeleteFacebook by deleting the Facebook pages of 2 of his companies, Tesla and SpaceX https://t.co/BJYpNw6JWG",2018-03-23 21:32:04+00:00,0.0,0.0,0.0,1.0,44
444,The New York Times,Women have spoken. Men have fallen. Corporations are nervous. But are American workplaces making real progress in c… https://t.co/Q5FipZZsCD,2018-03-23 21:14:00+00:00,-0.2023,0.12,0.197,0.684,45
445,The New York Times,RT @jodikantor: I've spent the last couple of weeks bearing down on what's changing-- and what's really stuck-- about how we deal with sexu…,2018-03-23 21:03:05+00:00,0.0,0.0,0.0,1.0,46
446,The New York Times,"Sofie Whitney, a senior at Stoneman Douglas, and the other organizers of the March for Our Lives, have concrete aim… https://t.co/yoHFhn3YUx",2018-03-23 20:50:52+00:00,0.0,0.0,0.0,1.0,47
447,The New York Times,"Reema Samaha was 18 when she was killed in the 2007 shooting at Virginia Tech University. Her father, Joseph, says… https://t.co/BDD9YIUKYJ",2018-03-23 20:47:00+00:00,-0.6705,0.0,0.184,0.816,48
448,The New York Times,Cody Thunder was 15 in 2005 when a classmate killed 5 students at Red Lake Senior High School. He was shot in the h… https://t.co/31wbbmiwRF,2018-03-23 20:44:13+00:00,-0.6705,0.0,0.17,0.83,49
449,The New York Times,"Jolanda Arnold will be marching in Washington on Saturday, the city where her husband, Michael, was killed in a 201… https://t.co/pfKJqIel21",2018-03-23 20:40:00+00:00,-0.6705,0.0,0.191,0.809,50
450,The New York Times,"Melissa Strassner survived the school shooting at Columbine High School. 

“Since Parkland, my boxing gloves are ba… https://t.co/0LJBcVeuPI",2018-03-23 20:36:57+00:00,0.5106,0.163,0.0,0.837,51
451,The New York Times,We spoke to survivors of mass shootings and others affected by them. They say the students in Parkland have given t… https://t.co/XaLG3oJq46,2018-03-23 20:35:04+00:00,-0.1531,0.0,0.071,0.929,52
452,The New York Times,"Rebuffing Trump, Congress saved the NEA and NEH again. In fact, both endowments slightly increased. https://t.co/y1XActfG6l",2018-03-23 20:15:06+00:00,0.5584,0.248,0.0,0.752,53
453,The New York Times,"A century before the dawn of the computer age, 27-year-old Ada Lovelace wrote the first computer program https://t.co/GXSMzGTbjx",2018-03-23 20:00:14+00:00,0.0,0.0,0.0,1.0,54
454,The New York Times,"Even when children grow up next to each other with parents who earn similar incomes, black boys fare worse than whi… https://t.co/FCQrjZEJNM",2018-03-23 19:45:17+00:00,-0.4767,0.0,0.129,0.871,55
455,The New York Times,Vladimir Putin was elected to a fourth term on Sunday. What percentage of the vote did he win? Take our quiz. https://t.co/czSrm4X5WN,2018-03-23 19:30:13+00:00,0.5859,0.16,0.0,0.84,56
456,The New York Times,"In a tit-for-tat trade battle with the U.S., China’s response has so far been restrained https://t.co/mXuGUssWn3",2018-03-23 19:19:04+00:00,-0.3818,0.0,0.157,0.843,57
457,The New York Times,"Many counties, including rich ones, are aging and experiencing more deaths than births, without growth through immi… https://t.co/VmkEWGa92M",2018-03-23 19:04:28+00:00,0.3434,0.165,0.1,0.734,58
458,The New York Times,"After another week of chaos, Trump heads to Palm Beach. No one knows what comes next. https://t.co/CUGY3gwPpC",2018-03-23 18:45:09+00:00,-0.7096,0.0,0.282,0.718,59
459,The New York Times,"@nytopinion @NickKristof In @NYTOpinion, 

Op-Ed Columnist @NickKristof writes, ""To finally defeat extreme poverty,… https://t.co/pWs1bIBEjC",2018-03-23 18:35:00+00:00,-0.4588,0.0,0.188,0.812,60
460,The New York Times,We've been following your discussions on racial and religious bias in news coverage. Our journalists are open to yo… https://t.co/hUYXo9q3sa,2018-03-23 18:30:06+00:00,-0.1027,0.0,0.069,0.931,61
461,The New York Times,A 16-year-old girl critically injured in a shooting at a Maryland high school died after being taken off life suppo… https://t.co/mEOh5bSuoy,2018-03-23 18:20:05+00:00,-0.743,0.0,0.283,0.717,62
462,The New York Times,"In @NYTOpinion, 

Op-Ed Columnist @NickKristof writes, ""To finally defeat extreme poverty, we have to tackle confli… https://t.co/0ayeiQDH46",2018-03-23 18:05:03+00:00,-0.743,0.0,0.296,0.704,63
463,The New York Times,"Modern Love: If I couldn’t find Mr. Right, what about Mr. Quasi-Right augmented by a few others? https://t.co/kMfq4a68mR",2018-03-23 17:50:10+00:00,0.6369,0.219,0.0,0.781,64
464,The New York Times,"Breaking News: President Trump signed the spending bill, averting a shutdown, hours after threatening to veto it. B… https://t.co/IGRRQcvIXZ",2018-03-23 17:35:43+00:00,-0.5267,0.0,0.167,0.833,65
465,The New York Times,"The Sacramento Kings owner expressed his “deepest sympathies” to the family of Stephon Clark, who was fatally shot… https://t.co/6ILZMJITR4",2018-03-23 17:25:27+00:00,-0.6369,0.0,0.189,0.811,66
466,The New York Times,"Iraq: 7 minutes
Jordan: 9 minutes
Romania: 12 minutes
Norway: 46 minutes
Afghanistan: 47 minutes
Sweden: 51 minutes
https://t.co/5FZtVaJwbS",2018-03-23 17:10:09+00:00,0.0,0.0,0.0,1.0,67
467,The New York Times,Anger over the murders of a reporter and his fiancée forced Slovakia's prime minister and other officials to step d… https://t.co/c0sovP7t5F,2018-03-23 16:55:08+00:00,-0.8934,0.0,0.386,0.614,68
468,The New York Times,"In the 6 months since Harvey, The New York Times followed several families as they struggled to rebuild their lives… https://t.co/z5tbaUGWJj",2018-03-23 16:42:18+00:00,-0.34,0.0,0.112,0.888,69
469,The New York Times,A new economy has arisen in the suburbs of Houston battered by Hurricane Harvey: the buying and selling of flooded… https://t.co/WO68ktL3aX,2018-03-23 16:40:07+00:00,0.0,0.0,0.0,1.0,70
470,The New York Times,"Around every corner and in every elevator, you’ll find established and burgeoning talent https://t.co/6hTuQzdPgD https://t.co/UqgFNEv9Pc",2018-03-23 16:24:40+00:00,0.4215,0.167,0.0,0.833,71
471,The New York Times,And watched Aaron Burr practice in the room where it happens https://t.co/6hTuQzdPgD https://t.co/iGplOjFPWW,2018-03-23 16:23:46+00:00,0.0,0.0,0.0,1.0,72
472,The New York Times,We met Elsa and Anna as they took a break for homework https://t.co/6hTuQzdPgD https://t.co/G9HguVLA8G,2018-03-23 16:22:14+00:00,0.0,0.0,0.0,1.0,73
473,The New York Times,"Welcome to the New 42nd Street Studios, where some of Broadway’s biggest shows — including “Frozen” and “Hamilton”… https://t.co/jOqoqf30CT",2018-03-23 16:20:15+00:00,0.4588,0.15,0.0,0.85,74
474,The New York Times,"An armed man who killed 3 people in a supermarket in France, claiming to be acting on behalf of ISIS, was shot dead… https://t.co/sG7DPvbvNy",2018-03-23 16:10:13+00:00,-0.6705,0.0,0.176,0.824,75
475,The New York Times,Make Mark Bittman's spaghetti pie https://t.co/Fhdf0K8Pxa https://t.co/8Dbk2jAgSI,2018-03-23 15:55:06+00:00,0.0,0.0,0.0,1.0,76
476,The New York Times,"A PAC led by John Bolton, the next national security adviser, hired Cambridge Analytica for voter profiling, knowin… https://t.co/bGnWNkattz",2018-03-23 15:40:06+00:00,0.34,0.124,0.0,0.876,77
477,The New York Times,"40% of Americans were obese in 2015 and 2016, a sharp increase from a decade earlier https://t.co/v3o9efVw4n",2018-03-23 15:25:34+00:00,0.3182,0.141,0.0,0.859,78
478,The New York Times,RT @karenyourish: All the major Trump firings and resignations: https://t.co/I6fxKB6cLA,2018-03-23 15:11:43+00:00,-0.296,0.0,0.196,0.804,79
479,The New York Times,Over 800 protests for stricter gun laws are planned for Saturday in the U.S. and in countries around the world https://t.co/O1xXOykGfJ,2018-03-23 15:00:08+00:00,-0.5106,0.0,0.185,0.815,80
480,The New York Times,John Bolton's ascension to national security adviser creates the most aggressive foreign policy team around the Ame… https://t.co/GuRHYWI7QW,2018-03-23 14:45:02+00:00,0.3832,0.21,0.088,0.701,81
481,The New York Times,Blue passports were meant to be a symbol of post-Brexit Britain. They're coming — but they'll be coming from France. https://t.co/UEHSqF3Wod,2018-03-23 14:31:04+00:00,0.0,0.0,0.0,1.0,82
482,The New York Times,10 new books we recommend this week https://t.co/95z0PxQkho,2018-03-23 14:15:09+00:00,0.3612,0.263,0.0,0.737,83
483,The New York Times,"John Bolton's political committee was one of the earliest customers of Cambridge Analytica, which it hired specific… https://t.co/uuD7rKh4EI",2018-03-23 13:59:03+00:00,0.0,0.0,0.0,1.0,84
484,The New York Times,"RT @nytimesworld: Intellectual property, which underpins technology and innovation, has become the latest point of contention in global tra…",2018-03-23 13:45:04+00:00,0.7096,0.258,0.0,0.742,85
485,The New York Times,Breaking News: President Trump said he may veto the spending bill because it neglected his immigration priorities.… https://t.co/qWxvnylMZg,2018-03-23 13:30:15+00:00,-0.5267,0.0,0.167,0.833,86
486,The New York Times,"""This is just what America needs: The thrilla in vanilla,"" Seth Meyers said. Our late-night roundup: https://t.co/VCswTaUg9Q",2018-03-23 13:29:04+00:00,0.0,0.0,0.0,1.0,87
487,The New York Times,"Breaking News: An armed man opened fire and took hostages in a supermarket in France, claiming to be acting on beha… https://t.co/29pCnZYCbv",2018-03-23 13:08:42+00:00,-0.34,0.0,0.107,0.893,88
488,The New York Times,Morning Briefing: Here's what you need to know to start your day https://t.co/yJwtr8lLUt https://t.co/nn0hbhEVq8,2018-03-23 13:00:31+00:00,0.0,0.0,0.0,1.0,89
489,The New York Times,"""Hamilton,"" ""Frozen"" and many Broadway shows all rehearse in one building in New York City. We take you behind the… https://t.co/KM7CVBp62M",2018-03-23 12:51:19+00:00,0.0,0.0,0.0,1.0,90
490,The New York Times,A firefighter was killed and two others were seriously injured by a blaze at a Harlem building being used as a movi… https://t.co/Rgr6LDzv1c,2018-03-23 12:41:03+00:00,-0.836,0.0,0.357,0.643,91
491,The New York Times,"""All of the information we have at the moment suggests that this is a terrorist attack,"" the French prime minister… https://t.co/U8vxwaymSY",2018-03-23 12:35:00+00:00,-0.6908,0.0,0.198,0.802,92
492,The New York Times,European leaders issued a relatively tough statement effectively blaming Moscow for the nerve agent attack on a for… https://t.co/CQsSK3XD8b,2018-03-23 12:30:02+00:00,-0.5994,0.122,0.329,0.549,93
493,The New York Times,"In an NYT interview in 2002, John Bolton was asked about the Bush administration's stance on North Korea. He grabbe… https://t.co/ztoVgBJmcV",2018-03-23 12:20:05+00:00,0.0,0.0,0.0,1.0,94
494,The New York Times,"Your daily @DealBook Briefing:

• China is threatening tariffs on $3 billion worth of U.S. goods.

• Congress passe… https://t.co/ZTGrG4LzdH",2018-03-23 12:11:01+00:00,-0.3612,0.089,0.16,0.751,95
495,The New York Times,"A police operation is underway in Trèbes, in the southwest of France, after reports that a gunman had fired shots a… https://t.co/eAF5r3ecB5",2018-03-23 11:58:45+00:00,-0.5574,0.0,0.159,0.841,96
496,The New York Times,"The Austin bombings have stoked the raw racial, economic, political and geographical divisions that continue to sha… https://t.co/nmrUhKFJ5Z",2018-03-23 11:46:04+00:00,0.0,0.0,0.0,1.0,97
497,The New York Times,"More than 150 whales became stranded on a Western Australia beach, officials said. Poor weather and the threat of f… https://t.co/iBCBfAlfG4",2018-03-23 11:30:09+00:00,-0.7579,0.0,0.265,0.735,98
498,The New York Times,A brewing trade war between China and the United States sent markets reeling across Asia and Europe https://t.co/ZO5WHlNkar,2018-03-23 11:20:02+00:00,-0.2732,0.129,0.18,0.691,99
499,The New York Times,"For decades, Americans have believed that the best way to end racial inequality is to end class inequality. But a l… https://t.co/hAjMjkpJ2c",2018-03-23 11:10:06+00:00,0.6369,0.174,0.0,0.826,100
